"","Country","Year","SPEC_RECEIVED_NB","SPEC_PROCESSED_NB","AH1","AH1N12009","AH3","AH5","ANOTSUBTYPED","INF_A","BYAMAGATA","BVICTORIA","BNOTDETERMINED","INF_B","ALL_INF","ALL_INF2","TITLE"
"1","Italy",2009,84,84,0,0,32,0,4,36,0,0,1,1,37,NA,"No Report"
"2","Italy",2009,147,147,1,0,57,0,4,62,0,0,0,0,62,NA,"No Report"
"3","Italy",2009,258,NA,6,0,112,0,9,127,0,0,0,0,127,NA,"No Report"
"4","Italy",2009,281,281,2,0,102,0,15,119,0,0,3,3,122,NA,"No Report"
"5","Italy",2009,258,258,5,0,88,0,8,101,0,0,3,3,104,NA,"No Report"
"6","Italy",2009,214,214,7,0,68,0,6,81,0,0,3,3,84,NA,"No Report"
"7","Italy",2009,137,137,2,0,45,0,0,47,0,0,1,1,48,NA,"No Report"
"8","Italy",2009,112,112,4,0,23,0,1,28,0,0,0,0,28,NA,"No Report"
"9","Italy",2009,85,85,0,0,12,0,0,12,0,0,5,5,17,NA,"No Report"
"10","Italy",2009,76,76,0,0,6,0,1,7,0,0,4,4,11,NA,"No Report"
"11","Italy",2009,66,66,0,0,2,0,1,3,0,0,4,4,7,NA,"No Report"
"12","Italy",2009,44,44,0,0,0,0,0,0,0,0,3,3,3,NA,"No Report"
"13","Italy",2009,46,46,0,0,2,0,0,2,0,0,2,2,4,NA,"No Report"
"14","Italy",2009,56,56,0,0,2,0,0,2,0,0,6,6,8,NA,"No Report"
"15","Italy",2009,20,20,0,0,0,0,0,0,0,0,1,1,1,NA,"No Report"
"16","Italy",2009,15,15,0,0,0,0,0,0,0,0,1,1,1,NA,"No Report"
"17","Italy",2009,18,18,0,0,0,0,0,0,0,0,0,0,0,NA,"No Report"
"18","Italy",2009,10,10,4,5,0,0,0,9,0,0,0,0,9,NA,"No Report"
"19","Italy",2009,88,88,2,4,0,0,0,6,0,0,0,0,6,NA,"No Report"
"20","Italy",2009,31,31,0,0,0,0,1,1,0,0,0,0,1,NA,"No Report"
"21","Italy",2009,73,73,0,16,0,0,0,16,0,0,1,1,17,NA,"No Report"
"22","Italy",2009,14,14,0,11,0,0,0,11,0,0,0,0,11,NA,"No Report"
"23","Italy",2009,31,31,3,22,0,0,0,25,0,0,0,0,25,NA,"No Report"
"24","Italy",2009,26,26,4,21,1,0,0,26,0,0,0,0,26,NA,"No Report"
"25","Italy",2009,25,25,0,18,1,0,0,19,0,0,0,0,19,NA,"No Report"
"26","Italy",2009,41,41,0,35,0,0,0,35,0,0,0,0,35,NA,"No Report"
"27","Italy",2009,66,66,0,47,1,0,2,50,0,0,0,0,50,NA,"Local Outbreak"
"28","Italy",2009,83,83,0,67,0,0,0,67,0,0,0,0,67,NA,"Local Outbreak"
"29","Italy",2009,334,334,0,302,2,0,7,311,0,0,0,0,311,NA,"Regional Outbreak"
"30","Italy",2009,837,837,1,584,1,0,14,600,0,0,0,0,600,NA,"Regional Outbreak"
"31","Italy",2009,478,478,0,253,1,0,7,261,0,0,0,0,261,NA,"Regional Outbreak"
"32","Italy",2009,209,209,0,95,0,0,3,98,0,0,0,0,98,NA,"Regional Outbreak"
"33","Italy",2009,103,103,0,63,0,0,5,68,0,0,0,0,68,NA,"Regional Outbreak"
"34","Italy",2009,156,156,0,80,1,0,3,84,0,0,0,0,84,NA,"Regional Outbreak"
"35","Italy",2009,87,87,0,61,0,0,2,63,0,0,0,0,63,NA,"Local Outbreak"
"36","Italy",2009,250,250,2,129,0,0,6,137,0,0,0,0,137,NA,"Local Outbreak"
"37","Italy",2009,133,133,0,67,0,0,0,67,0,0,0,0,67,NA,"Local Outbreak"
"38","Italy",2009,163,163,0,55,0,0,3,58,0,0,0,0,58,NA,"Local Outbreak"
"39","Italy",2009,250,250,0,99,0,0,6,105,0,0,0,0,105,NA,"Local Outbreak"
"40","Italy",2009,315,315,0,109,0,0,5,114,0,0,0,0,114,NA,"Local Outbreak"
"41","Italy",2009,346,346,0,132,0,0,1,133,0,0,0,0,133,NA,"Local Outbreak"
"42","Italy",2009,164,164,0,104,0,0,2,106,0,0,0,0,106,NA,"Local Outbreak"
"43","Italy",2009,472,472,0,342,0,0,5,347,0,0,0,0,347,NA,"Local Outbreak"
"44","Italy",2009,1301,1301,0,885,0,0,11,896,0,0,0,0,896,NA,"Regional Outbreak"
"45","Italy",2009,2444,2444,0,1594,0,0,28,1622,0,0,0,0,1622,NA,"Regional Outbreak"
"46","Italy",2009,2550,2550,0,2313,0,0,22,2335,0,0,0,0,2335,NA,"Regional Outbreak"
"47","Italy",2009,1366,1366,0,947,0,0,19,966,0,0,0,0,966,NA,"Regional Outbreak"
"48","Italy",2009,NA,NA,1,396,0,0,12,409,0,0,0,0,409,NA,"No Report"
"49","Italy",2009,902,902,1,335,0,0,12,348,0,0,0,0,348,NA,"Regional Outbreak"
"50","Italy",2009,NA,NA,0,111,1,0,3,115,0,0,0,0,115,NA,"No Report"
"51","Italy",2009,NA,NA,0,51,0,0,4,55,0,0,0,0,55,NA,"No Report"
"52","Italy",2009,67,67,0,15,0,0,1,16,0,0,0,0,16,NA,"Local Outbreak"
"53","Italy",2009,51,51,0,5,0,0,0,5,0,0,0,0,5,NA,"Sporadic"
"54","Italy",2010,381,381,0,45,0,0,5,50,0,0,0,0,50,NA,"Sporadic"
"55","Italy",2010,373,373,0,34,0,0,0,34,0,0,0,0,34,NA,"Sporadic"
"56","Italy",2010,354,354,0,57,0,0,0,57,0,0,0,0,57,NA,"Sporadic"
"57","Italy",2010,370,370,0,28,0,0,2,30,0,0,0,0,30,NA,"Sporadic"
"58","Italy",2010,252,252,0,4,0,0,0,4,0,0,0,0,4,NA,"Sporadic"
"59","Italy",2010,231,231,0,5,0,0,1,6,0,0,0,0,6,NA,"Sporadic"
"60","Italy",2010,148,148,0,1,0,0,2,3,0,0,0,0,3,NA,"No Activity"
"61","Italy",2010,174,174,0,4,0,0,0,4,0,0,0,0,4,NA,"No Activity"
"62","Italy",2010,158,158,0,0,0,0,0,0,0,0,3,3,3,NA,"No Activity"
"63","Italy",2010,170,170,0,0,0,0,0,0,0,0,8,8,8,NA,"Sporadic"
"64","Italy",2010,96,96,0,0,0,0,0,0,0,0,5,5,5,NA,"Sporadic"
"65","Italy",2010,78,78,0,1,0,0,0,1,0,0,9,9,10,NA,"Sporadic"
"66","Italy",2010,24,24,0,0,0,0,0,0,0,0,7,7,7,NA,"Sporadic"
"67","Italy",2010,41,41,0,0,0,0,0,0,0,0,2,2,2,NA,"No Report"
"68","Italy",2010,11,11,0,0,0,0,0,0,0,0,0,0,0,NA,"No Activity"
"69","Italy",2010,54,54,0,0,0,0,0,0,0,0,2,2,2,NA,"Sporadic"
"70","Italy",2010,45,45,0,0,0,0,0,0,0,0,1,1,1,NA,"Sporadic"
"71","Italy",2010,18,18,0,0,0,0,0,0,0,0,0,0,0,NA,"No Activity"
"72","Italy",2010,25,25,0,0,0,0,0,0,0,0,0,0,0,NA,"No Activity"
"73","Italy",2010,29,29,0,0,0,0,0,0,0,0,1,1,1,NA,"Sporadic"
"74","Italy",2010,20,20,0,0,0,0,0,0,0,0,0,0,0,NA,"No Activity"
"75","Italy",2010,17,17,0,0,0,0,0,0,0,0,0,0,0,NA,"No Activity"
"76","Italy",2010,29,29,0,0,0,0,0,0,0,0,0,0,0,NA,"No Activity"
"77","Italy",2010,20,20,0,0,0,0,0,0,0,0,0,0,0,NA,"No Activity"
"78","Italy",2010,20,20,0,2,0,0,0,2,0,0,0,0,2,NA,"Sporadic"
"79","Italy",2010,21,21,0,0,0,0,0,0,0,0,0,0,0,NA,"No Activity"
"80","Italy",2010,20,20,0,0,0,0,0,0,0,0,0,0,0,NA,"No Activity"
"81","Italy",2010,NA,NA,NA,NA,NA,NA,NA,NA,NA,NA,NA,NA,NA,NA,"No Report"
"82","Italy",2010,NA,NA,NA,NA,NA,NA,NA,NA,NA,NA,NA,NA,NA,NA,"No Report"
"83","Italy",2010,NA,NA,NA,NA,NA,NA,NA,NA,NA,NA,NA,NA,NA,NA,"No Report"
"84","Italy",2010,NA,NA,NA,NA,NA,NA,NA,NA,NA,NA,NA,NA,NA,NA,"No Report"
"85","Italy",2010,NA,NA,NA,NA,NA,NA,NA,NA,NA,NA,NA,NA,NA,NA,"No Report"
"86","Italy",2010,NA,NA,NA,NA,NA,NA,NA,NA,NA,NA,NA,NA,NA,NA,"No Report"
"87","Italy",2010,NA,NA,NA,NA,NA,NA,NA,NA,NA,NA,NA,NA,NA,NA,"No Report"
"88","Italy",2010,NA,NA,NA,NA,NA,NA,NA,NA,NA,NA,NA,NA,NA,NA,"No Report"
"89","Italy",2010,NA,NA,NA,NA,NA,NA,NA,NA,NA,NA,NA,NA,NA,NA,"No Report"
"90","Italy",2010,NA,NA,NA,NA,NA,NA,NA,NA,NA,NA,NA,NA,NA,NA,"No Report"
"91","Italy",2010,NA,NA,NA,NA,NA,NA,NA,NA,NA,NA,NA,NA,NA,NA,"No Report"
"92","Italy",2010,NA,NA,NA,NA,NA,NA,NA,NA,NA,NA,NA,NA,NA,NA,"No Report"
"93","Italy",2010,NA,NA,NA,NA,NA,NA,NA,NA,NA,NA,NA,NA,NA,NA,"No Report"
"94","Italy",2010,NA,NA,NA,NA,NA,NA,NA,NA,NA,NA,NA,NA,NA,NA,"No Report"
"95","Italy",2010,NA,NA,NA,NA,NA,NA,NA,NA,NA,NA,NA,NA,NA,NA,"No Report"
"96","Italy",2010,NA,NA,NA,NA,NA,NA,NA,NA,NA,NA,NA,NA,NA,NA,"No Report"
"97","Italy",2010,NA,NA,NA,NA,NA,NA,NA,NA,NA,NA,NA,NA,NA,NA,"No Report"
"98","Italy",2010,NA,NA,NA,NA,NA,NA,NA,NA,NA,NA,NA,NA,NA,NA,"No Report"
"99","Italy",2010,21,21,0,0,0,0,0,0,0,0,0,0,0,NA,"No Activity"
"100","Italy",2010,73,73,0,3,0,0,1,4,0,0,2,2,6,NA,"Sporadic"
"101","Italy",2010,NA,75,0,3,0,0,0,3,0,1,1,2,5,NA,"Sporadic"
"102","Italy",2010,NA,71,0,0,1,0,0,1,0,1,0,1,2,NA,"Sporadic"
"103","Italy",2010,92,92,0,4,4,0,0,8,0,0,6,6,14,NA,"Sporadic"
"104","Italy",2010,NA,73,0,8,0,NA,2,10,0,1,7,8,18,NA,"No Report"
"105","Italy",2010,84,84,0,17,1,0,5,23,0,1,7,8,31,NA,"Sporadic"
"106","Italy",2011,319,319,0,75,0,0,4,79,19,0,9,28,107,NA,"Local Outbreak"
"107","Italy",2011,712,712,0,152,4,0,22,178,0,0,37,37,215,NA,"Local Outbreak"
"108","Italy",2011,906,906,0,263,8,0,31,302,0,0,64,64,366,NA,"Local Outbreak"
"109","Italy",2011,847,847,0,765,2,0,22,789,0,0,76,76,865,NA,"Regional Outbreak"
"110","Italy",2011,803,803,0,204,8,0,28,240,0,0,91,91,331,NA,"Regional Outbreak"
"111","Italy",2011,870,870,0,230,3,0,23,256,0,0,93,93,349,NA,"Regional Outbreak"
"112","Italy",2011,654,654,0,103,6,0,28,137,0,0,90,90,227,NA,"Local Outbreak"
"113","Italy",2011,582,582,0,81,4,0,8,93,0,0,42,42,135,NA,"Local Outbreak"
"114","Italy",2011,426,426,0,56,5,0,4,65,0,0,20,20,85,NA,"Local Outbreak"
"115","Italy",2011,369,369,0,42,1,0,5,48,0,0,18,18,66,NA,"Local Outbreak"
"116","Italy",2011,244,244,0,4,0,0,6,10,0,0,7,7,17,NA,"Sporadic"
"117","Italy",2011,163,163,0,4,0,0,2,6,0,0,2,2,8,NA,"Sporadic"
"118","Italy",2011,163,163,0,2,0,0,0,2,0,0,1,1,3,NA,"Sporadic"
"119","Italy",2011,101,101,0,2,1,0,2,5,0,0,0,0,5,NA,"Sporadic"
"120","Italy",2011,NA,85,0,3,0,NA,0,3,0,0,2,2,5,NA,"Regional Outbreak"
"121","Italy",2011,45,45,0,0,0,0,0,0,0,0,0,0,0,NA,"No Activity"
"122","Italy",2011,15,15,0,0,0,0,0,0,0,0,0,0,0,NA,"No Activity"
"123","Italy",2011,NA,NA,NA,NA,NA,NA,NA,NA,NA,NA,NA,NA,NA,NA,"No Report"
"124","Italy",2011,NA,NA,NA,NA,NA,NA,NA,NA,NA,NA,NA,NA,NA,NA,"No Report"
"125","Italy",2011,NA,NA,NA,NA,NA,NA,NA,NA,NA,NA,NA,NA,NA,NA,"No Report"
"126","Italy",2011,NA,NA,NA,NA,NA,NA,NA,NA,NA,NA,NA,NA,NA,NA,"No Report"
"127","Italy",2011,NA,NA,NA,NA,NA,NA,NA,NA,NA,NA,NA,NA,NA,NA,"No Report"
"128","Italy",2011,NA,NA,NA,NA,NA,NA,NA,NA,NA,NA,NA,NA,NA,NA,"No Report"
"129","Italy",2011,NA,NA,NA,NA,NA,NA,NA,NA,NA,NA,NA,NA,NA,NA,"No Report"
"130","Italy",2011,NA,NA,NA,NA,NA,NA,NA,NA,NA,NA,NA,NA,NA,NA,"No Report"
"131","Italy",2011,NA,NA,NA,NA,NA,NA,NA,NA,NA,NA,NA,NA,NA,NA,"No Report"
"132","Italy",2011,NA,NA,NA,NA,NA,NA,NA,NA,NA,NA,NA,NA,NA,NA,"No Report"
"133","Italy",2011,NA,NA,NA,NA,NA,NA,NA,NA,NA,NA,NA,NA,NA,NA,"No Report"
"134","Italy",2011,NA,NA,NA,NA,NA,NA,NA,NA,NA,NA,NA,NA,NA,NA,"No Report"
"135","Italy",2011,NA,NA,NA,NA,NA,NA,NA,NA,NA,NA,NA,NA,NA,NA,"No Report"
"136","Italy",2011,NA,NA,NA,NA,NA,NA,NA,NA,NA,NA,NA,NA,NA,NA,"No Report"
"137","Italy",2011,NA,NA,NA,NA,NA,NA,NA,NA,NA,NA,NA,NA,NA,NA,"No Report"
"138","Italy",2011,NA,NA,NA,NA,NA,NA,NA,NA,NA,NA,NA,NA,NA,NA,"No Report"
"139","Italy",2011,NA,NA,NA,NA,NA,NA,NA,NA,NA,NA,NA,NA,NA,NA,"No Report"
"140","Italy",2011,NA,NA,NA,NA,NA,NA,NA,NA,NA,NA,NA,NA,NA,NA,"No Report"
"141","Italy",2011,NA,NA,NA,NA,NA,NA,NA,NA,NA,NA,NA,NA,NA,NA,"No Report"
"142","Italy",2011,NA,NA,NA,NA,NA,NA,NA,NA,NA,NA,NA,NA,NA,NA,"No Report"
"143","Italy",2011,NA,NA,NA,NA,NA,NA,NA,NA,NA,NA,NA,NA,NA,NA,"No Report"
"144","Italy",2011,NA,NA,NA,NA,NA,NA,NA,NA,NA,NA,NA,NA,NA,NA,"No Report"
"145","Italy",2011,NA,NA,NA,NA,NA,NA,NA,NA,NA,NA,NA,NA,NA,NA,"No Report"
"146","Italy",2011,NA,NA,NA,NA,NA,NA,NA,NA,NA,NA,NA,NA,NA,NA,"No Report"
"147","Italy",2011,NA,NA,NA,NA,NA,NA,NA,NA,NA,NA,NA,NA,NA,NA,"No Report"
"148","Italy",2011,NA,NA,NA,NA,NA,NA,NA,NA,NA,NA,NA,NA,NA,NA,"No Report"
"149","Italy",2011,NA,NA,NA,NA,NA,NA,NA,NA,NA,NA,NA,NA,NA,NA,"No Report"
"150","Italy",2011,NA,NA,NA,NA,NA,NA,NA,NA,NA,NA,NA,NA,NA,NA,"No Report"
"151","Italy",2011,41,41,0,0,1,0,0,1,0,0,0,0,1,NA,"Sporadic"
"152","Italy",2011,61,61,0,0,5,0,0,5,0,0,0,0,5,NA,"Sporadic"
"153","Italy",2011,56,56,0,1,3,0,0,4,0,0,0,0,4,NA,"Sporadic"
"154","Italy",2011,61,61,0,0,4,0,0,4,0,0,0,0,4,NA,"Sporadic"
"155","Italy",2011,112,112,0,0,6,0,4,10,0,0,0,0,10,NA,"Sporadic"
"156","Italy",2011,178,178,0,0,15,0,0,15,0,0,0,0,15,NA,"Sporadic"
"157","Italy",2011,155,155,0,0,33,0,0,33,0,0,0,0,33,NA,"Sporadic"
"158","Italy",2012,179,179,0,1,29,0,1,31,0,0,0,0,31,NA,"Sporadic"
"159","Italy",2012,172,172,0,0,38,0,0,38,0,0,0,0,38,NA,"Sporadic"
"160","Italy",2012,285,285,0,0,86,0,4,90,0,0,1,1,91,NA,"Sporadic"
"161","Italy",2012,375,375,0,1,179,0,3,183,0,0,0,0,183,NA,"Sporadic"
"162","Italy",2012,330,330,0,0,189,0,10,199,0,0,0,0,199,NA,"Local Outbreak"
"163","Italy",2012,429,429,0,0,180,0,20,200,0,0,1,1,201,NA,"Regional Outbreak"
"164","Italy",2012,325,325,0,0,117,0,24,141,0,0,0,0,141,NA,"Local Outbreak"
"165","Italy",2012,233,233,0,0,110,0,12,122,0,0,3,3,125,NA,"Local Outbreak"
"166","Italy",2012,286,286,0,0,73,0,9,82,0,0,9,9,91,NA,"No Report"
"167","Italy",2012,228,228,0,0,41,0,13,54,0,0,9,9,63,NA,"Sporadic"
"168","Italy",2012,130,130,0,0,13,0,6,19,0,0,6,6,25,NA,"Sporadic"
"169","Italy",2012,130,130,0,0,2,0,5,7,0,0,4,4,11,NA,"Sporadic"
"170","Italy",2012,102,102,0,0,1,0,3,4,0,0,3,3,7,NA,"Sporadic"
"171","Italy",2012,47,47,0,0,2,0,0,2,0,0,3,3,5,NA,"Sporadic"
"172","Italy",2012,38,38,0,0,2,0,1,3,0,0,3,3,6,NA,"Sporadic"
"173","Italy",2012,NA,NA,NA,NA,NA,NA,NA,NA,NA,NA,NA,NA,NA,NA,"No Report"
"174","Italy",2012,29,29,0,0,0,0,1,1,0,0,0,0,1,NA,"No Report"
"175","Italy",2012,NA,NA,NA,NA,NA,NA,NA,NA,NA,NA,NA,NA,NA,NA,"No Report"
"176","Italy",2012,NA,NA,NA,NA,NA,NA,NA,NA,NA,NA,NA,NA,NA,NA,"No Report"
"177","Italy",2012,NA,NA,NA,NA,NA,NA,NA,NA,NA,NA,NA,NA,NA,NA,"No Report"
"178","Italy",2012,NA,NA,NA,NA,NA,NA,NA,NA,NA,NA,NA,NA,NA,NA,"No Report"
"179","Italy",2012,NA,NA,NA,NA,NA,NA,NA,NA,NA,NA,NA,NA,NA,NA,"No Report"
"180","Italy",2012,NA,NA,NA,NA,NA,NA,NA,NA,NA,NA,NA,NA,NA,NA,"No Report"
"181","Italy",2012,NA,NA,NA,NA,NA,NA,NA,NA,NA,NA,NA,NA,NA,NA,"No Report"
"182","Italy",2012,NA,NA,NA,NA,NA,NA,NA,NA,NA,NA,NA,NA,NA,NA,"No Report"
"183","Italy",2012,NA,NA,NA,NA,NA,NA,NA,NA,NA,NA,NA,NA,NA,NA,"No Report"
"184","Italy",2012,NA,NA,NA,NA,NA,NA,NA,NA,NA,NA,NA,NA,NA,NA,"No Report"
"185","Italy",2012,NA,NA,NA,NA,NA,NA,NA,NA,NA,NA,NA,NA,NA,NA,"No Report"
"186","Italy",2012,NA,NA,NA,NA,NA,NA,NA,NA,NA,NA,NA,NA,NA,NA,"No Report"
"187","Italy",2012,NA,NA,NA,NA,NA,NA,NA,NA,NA,NA,NA,NA,NA,NA,"No Report"
"188","Italy",2012,NA,NA,NA,NA,NA,NA,NA,NA,NA,NA,NA,NA,NA,NA,"No Report"
"189","Italy",2012,NA,NA,NA,NA,NA,NA,NA,NA,NA,NA,NA,NA,NA,NA,"No Report"
"190","Italy",2012,NA,NA,NA,NA,NA,NA,NA,NA,NA,NA,NA,NA,NA,NA,"No Report"
"191","Italy",2012,NA,NA,NA,NA,NA,NA,NA,NA,NA,NA,NA,NA,NA,NA,"No Report"
"192","Italy",2012,NA,NA,NA,NA,NA,NA,NA,NA,NA,NA,NA,NA,NA,NA,"No Report"
"193","Italy",2012,NA,NA,NA,NA,NA,NA,NA,NA,NA,NA,NA,NA,NA,NA,"No Report"
"194","Italy",2012,NA,NA,NA,NA,NA,NA,NA,NA,NA,NA,NA,NA,NA,NA,"No Report"
"195","Italy",2012,NA,NA,NA,NA,NA,NA,NA,NA,NA,NA,NA,NA,NA,NA,"No Report"
"196","Italy",2012,NA,NA,NA,NA,NA,NA,NA,NA,NA,NA,NA,NA,NA,NA,"No Report"
"197","Italy",2012,NA,NA,NA,NA,NA,NA,NA,NA,NA,NA,NA,NA,NA,NA,"No Report"
"198","Italy",2012,NA,NA,NA,NA,NA,NA,NA,NA,NA,NA,NA,NA,NA,NA,"No Report"
"199","Italy",2012,NA,NA,NA,NA,NA,NA,NA,NA,NA,NA,NA,NA,NA,NA,"No Report"
"200","Italy",2012,NA,NA,NA,NA,NA,NA,NA,NA,NA,NA,NA,NA,NA,NA,"No Report"
"201","Italy",2012,NA,NA,NA,NA,NA,NA,NA,NA,NA,NA,NA,NA,NA,NA,"No Report"
"202","Italy",2012,NA,NA,NA,NA,NA,NA,NA,NA,NA,NA,NA,NA,NA,NA,"No Report"
"203","Italy",2012,36,52,0,1,1,0,0,2,0,0,0,0,2,NA,"Sporadic"
"204","Italy",2012,54,54,0,1,0,0,0,1,0,0,0,0,1,NA,"Sporadic"
"205","Italy",2012,63,76,0,0,2,0,0,2,0,0,4,4,6,NA,"Sporadic"
"206","Italy",2012,65,65,0,0,0,0,0,0,0,0,1,1,1,NA,"Sporadic"
"207","Italy",2012,69,69,0,1,1,0,0,2,0,0,4,4,6,NA,"Sporadic"
"208","Italy",2012,68,68,0,0,0,0,0,0,0,0,5,5,5,NA,"Sporadic"
"209","Italy",2012,34,16,0,0,0,0,1,1,0,0,3,3,4,NA,"Sporadic"
"210","Italy",2013,57,57,0,4,0,0,1,5,0,0,11,11,16,NA,"Sporadic"
"211","Italy",2013,192,192,0,14,2,0,1,17,0,0,23,23,40,NA,"Sporadic"
"212","Italy",2013,267,267,0,18,2,0,6,26,0,0,41,41,67,NA,"Sporadic"
"213","Italy",2013,289,289,0,20,4,0,4,28,0,0,66,66,94,NA,"Local Outbreak"
"214","Italy",2013,NA,374,0,38,9,0,13,60,0,0,121,121,181,NA,"Regional Outbreak"
"215","Italy",2013,379,379,0,45,7,0,16,68,0,0,114,114,182,NA,"Widespread Outbreak"
"216","Italy",2013,467,467,0,70,4,0,16,90,0,0,140,140,230,NA,"Widespread Outbreak"
"217","Italy",2013,380,380,0,49,6,0,11,66,0,0,140,140,206,NA,"Widespread Outbreak"
"218","Italy",2013,351,351,0,66,5,0,13,84,0,0,101,101,185,NA,"Widespread Outbreak"
"219","Italy",2013,304,304,0,64,16,0,6,86,0,0,66,66,152,NA,"Widespread Outbreak"
"220","Italy",2013,273,273,0,36,7,0,9,52,0,0,45,45,97,NA,"Regional Outbreak"
"221","Italy",2013,257,257,0,28,4,0,2,34,0,0,33,33,67,NA,"Local Outbreak"
"222","Italy",2013,104,104,0,6,0,0,3,9,0,0,13,13,22,NA,"Sporadic"
"223","Italy",2013,94,94,0,5,2,0,1,8,0,0,7,7,15,NA,"Sporadic"
"224","Italy",2013,90,90,0,2,1,0,1,4,0,0,0,0,4,NA,"Sporadic"
"225","Italy",2013,53,53,0,1,0,0,0,1,0,0,0,0,1,NA,"Sporadic"
"226","Italy",2013,70,70,0,0,0,0,1,1,0,0,0,0,1,NA,"No Report"
"227","Italy",2013,NA,NA,NA,NA,NA,NA,NA,NA,NA,NA,NA,NA,NA,NA,"No Report"
"228","Italy",2013,NA,NA,NA,NA,NA,NA,NA,NA,NA,NA,NA,NA,NA,NA,"No Report"
"229","Italy",2013,NA,NA,NA,NA,NA,NA,NA,NA,NA,NA,NA,NA,NA,NA,"No Report"
"230","Italy",2013,NA,NA,NA,NA,NA,NA,NA,NA,NA,NA,NA,NA,NA,NA,"No Report"
"231","Italy",2013,NA,NA,NA,NA,NA,NA,NA,NA,NA,NA,NA,NA,NA,NA,"No Report"
"232","Italy",2013,NA,NA,NA,NA,NA,NA,NA,NA,NA,NA,NA,NA,NA,NA,"No Report"
"233","Italy",2013,NA,NA,NA,NA,NA,NA,NA,NA,NA,NA,NA,NA,NA,NA,"No Report"
"234","Italy",2013,NA,NA,NA,NA,NA,NA,NA,NA,NA,NA,NA,NA,NA,NA,"No Report"
"235","Italy",2013,NA,NA,NA,NA,NA,NA,NA,NA,NA,NA,NA,NA,NA,NA,"No Report"
"236","Italy",2013,NA,NA,NA,NA,NA,NA,NA,NA,NA,NA,NA,NA,NA,NA,"No Report"
"237","Italy",2013,NA,NA,NA,NA,NA,NA,NA,NA,NA,NA,NA,NA,NA,NA,"No Report"
"238","Italy",2013,NA,NA,NA,NA,NA,NA,NA,NA,NA,NA,NA,NA,NA,NA,"No Report"
"239","Italy",2013,NA,NA,NA,NA,NA,NA,NA,NA,NA,NA,NA,NA,NA,NA,"No Report"
"240","Italy",2013,NA,NA,NA,NA,NA,NA,NA,NA,NA,NA,NA,NA,NA,NA,"No Report"
"241","Italy",2013,NA,NA,NA,NA,NA,NA,NA,NA,NA,NA,NA,NA,NA,NA,"No Report"
"242","Italy",2013,NA,NA,NA,NA,NA,NA,NA,NA,NA,NA,NA,NA,NA,NA,"No Report"
"243","Italy",2013,NA,NA,NA,NA,NA,NA,NA,NA,NA,NA,NA,NA,NA,NA,"No Report"
"244","Italy",2013,NA,NA,NA,NA,NA,NA,NA,NA,NA,NA,NA,NA,NA,NA,"No Report"
"245","Italy",2013,NA,NA,NA,NA,NA,NA,NA,NA,NA,NA,NA,NA,NA,NA,"No Report"
"246","Italy",2013,NA,NA,NA,NA,NA,NA,NA,NA,NA,NA,NA,NA,NA,NA,"No Report"
"247","Italy",2013,NA,NA,NA,NA,NA,NA,NA,NA,NA,NA,NA,NA,NA,NA,"No Report"
"248","Italy",2013,NA,NA,NA,NA,NA,NA,NA,NA,NA,NA,NA,NA,NA,NA,"No Report"
"249","Italy",2013,NA,NA,NA,NA,NA,NA,NA,NA,NA,NA,NA,NA,NA,NA,"No Report"
"250","Italy",2013,NA,NA,NA,NA,NA,NA,NA,NA,NA,NA,NA,NA,NA,NA,"No Report"
"251","Italy",2013,NA,NA,NA,NA,NA,NA,NA,NA,NA,NA,NA,NA,NA,NA,"No Report"
"252","Italy",2013,NA,NA,NA,NA,NA,NA,NA,NA,NA,NA,NA,NA,NA,NA,"No Report"
"253","Italy",2013,NA,NA,NA,NA,NA,NA,NA,NA,NA,NA,NA,NA,NA,NA,"No Report"
"254","Italy",2013,NA,NA,NA,NA,NA,NA,NA,NA,NA,NA,NA,NA,NA,NA,"No Report"
"255","Italy",2013,131,131,0,0,0,0,0,0,0,0,0,0,0,NA,"No Activity"
"256","Italy",2013,64,64,0,0,0,0,0,0,0,0,0,0,0,NA,"No Activity"
"257","Italy",2013,24,24,0,0,2,0,0,2,0,0,0,0,2,NA,"Sporadic"
"258","Italy",2013,65,62,0,0,6,0,0,6,0,0,0,0,6,NA,"Sporadic"
"259","Italy",2013,65,65,0,0,5,0,2,7,0,0,0,0,7,NA,"Sporadic"
"260","Italy",2013,87,87,0,0,3,0,0,3,0,0,0,0,3,NA,"Sporadic"
"261","Italy",2013,73,73,0,0,10,0,0,10,0,0,1,1,11,NA,"Sporadic"
"262","Italy",2014,119,80,0,1,6,0,3,10,0,0,0,0,10,NA,"Sporadic"
"263","Italy",2014,216,169,0,9,13,0,4,26,0,0,1,1,27,NA,"Sporadic"
"264","Italy",2014,235,167,0,8,15,0,5,28,2,0,1,3,31,NA,"Sporadic"
"265","Italy",2014,264,211,0,21,23,0,2,46,0,0,3,3,49,NA,"Sporadic"
"266","Italy",2014,314,227,0,21,46,0,7,74,0,0,0,0,74,NA,"Local Outbreak"
"267","Italy",2014,336,296,0,25,49,0,30,104,0,0,4,4,108,NA,"Widespread Outbreak"
"268","Italy",2014,241,241,0,22,27,0,25,74,0,0,4,4,78,NA,"Local Outbreak"
"269","Italy",2014,310,310,0,26,45,0,18,89,0,0,3,3,92,NA,"Local Outbreak"
"270","Italy",2014,200,200,0,29,35,0,22,86,0,0,3,3,89,NA,"Local Outbreak"
"271","Italy",2014,246,246,0,15,35,0,8,58,0,0,6,6,64,NA,"Local Outbreak"
"272","Italy",2014,235,179,0,18,19,0,3,40,0,0,0,0,40,NA,"Sporadic"
"273","Italy",2014,175,132,0,5,10,0,3,18,0,0,0,0,18,NA,"Sporadic"
"274","Italy",2014,130,130,0,6,8,0,2,16,0,0,0,0,16,NA,"Sporadic"
"275","Italy",2014,81,81,0,2,3,0,1,6,0,0,0,0,6,NA,"Sporadic"
"276","Italy",2014,77,77,0,1,1,0,0,2,0,0,0,0,2,NA,"Sporadic"
"277","Italy",2014,55,52,0,1,1,0,2,4,0,0,0,0,4,NA,"Sporadic"
"278","Italy",2014,48,48,0,0,0,0,0,0,0,0,0,0,0,NA,"No Activity"
"279","Italy",2014,NA,NA,NA,NA,NA,NA,NA,NA,NA,NA,NA,NA,NA,NA,"No Report"
"280","Italy",2014,NA,NA,NA,NA,NA,NA,NA,NA,NA,NA,NA,NA,NA,NA,"No Report"
"281","Italy",2014,NA,NA,NA,NA,NA,NA,NA,NA,NA,NA,NA,NA,NA,NA,"No Report"
"282","Italy",2014,NA,NA,NA,NA,NA,NA,NA,NA,NA,NA,NA,NA,NA,NA,"No Report"
"283","Italy",2014,NA,NA,NA,NA,NA,NA,NA,NA,NA,NA,NA,NA,NA,NA,"No Report"
"284","Italy",2014,NA,NA,NA,NA,NA,NA,NA,NA,NA,NA,NA,NA,NA,NA,"No Report"
"285","Italy",2014,NA,NA,NA,NA,NA,NA,NA,NA,NA,NA,NA,NA,NA,NA,"No Report"
"286","Italy",2014,NA,NA,NA,NA,NA,NA,NA,NA,NA,NA,NA,NA,NA,NA,"No Report"
"287","Italy",2014,NA,NA,NA,NA,NA,NA,NA,NA,NA,NA,NA,NA,NA,NA,"No Report"
"288","Italy",2014,NA,NA,NA,NA,NA,NA,NA,NA,NA,NA,NA,NA,NA,NA,"No Report"
"289","Italy",2014,NA,NA,NA,NA,NA,NA,NA,NA,NA,NA,NA,NA,NA,NA,"No Report"
"290","Italy",2014,NA,NA,NA,NA,NA,NA,NA,NA,NA,NA,NA,NA,NA,NA,"No Report"
"291","Italy",2014,NA,NA,NA,NA,NA,NA,NA,NA,NA,NA,NA,NA,NA,NA,"No Report"
"292","Italy",2014,NA,NA,NA,NA,NA,NA,NA,NA,NA,NA,NA,NA,NA,NA,"No Report"
"293","Italy",2014,NA,NA,NA,NA,NA,NA,NA,NA,NA,NA,NA,NA,NA,NA,"No Report"
"294","Italy",2014,NA,NA,NA,NA,NA,NA,NA,NA,NA,NA,NA,NA,NA,NA,"No Report"
"295","Italy",2014,NA,NA,NA,NA,NA,NA,NA,NA,NA,NA,NA,NA,NA,NA,"No Report"
"296","Italy",2014,NA,NA,NA,NA,NA,NA,NA,NA,NA,NA,NA,NA,NA,NA,"No Report"
"297","Italy",2014,NA,NA,NA,NA,NA,NA,NA,NA,NA,NA,NA,NA,NA,NA,"No Report"
"298","Italy",2014,NA,NA,NA,NA,NA,NA,NA,NA,NA,NA,NA,NA,NA,NA,"No Report"
"299","Italy",2014,NA,NA,NA,NA,NA,NA,NA,NA,NA,NA,NA,NA,NA,NA,"No Report"
"300","Italy",2014,NA,NA,NA,NA,NA,NA,NA,NA,NA,NA,NA,NA,NA,NA,"No Report"
"301","Italy",2014,NA,NA,NA,NA,NA,NA,NA,NA,NA,NA,NA,NA,NA,NA,"No Report"
"302","Italy",2014,1,1,0,1,0,0,0,1,0,0,0,0,1,NA,"No Activity"
"303","Italy",2014,45,45,0,0,1,0,0,1,0,0,0,0,1,NA,"No Activity"
"304","Italy",2014,32,31,0,1,0,0,0,1,0,0,0,0,1,NA,"No Activity"
"305","Italy",2014,54,54,0,0,0,0,0,0,0,0,0,0,0,NA,"No Activity"
"306","Italy",2014,44,44,0,0,0,0,0,0,0,0,0,0,0,NA,"No Activity"
"307","Italy",2014,73,73,0,0,1,0,0,1,0,0,0,0,1,NA,"No Activity"
"308","Italy",2014,76,76,0,3,1,0,0,4,0,0,0,0,4,NA,"Sporadic"
"309","Italy",2014,76,76,0,0,0,0,0,0,0,0,0,0,0,NA,"No Activity"
"310","Italy",2014,120,120,0,4,2,0,0,6,0,0,0,0,6,NA,"Sporadic"
"311","Italy",2014,137,137,0,9,5,0,1,15,2,0,0,2,17,NA,"Sporadic"
"312","Italy",2014,187,187,0,27,11,0,1,39,0,0,1,1,40,NA,"Sporadic"
"313","Italy",2014,111,111,0,18,8,0,0,26,2,0,1,3,29,NA,"Sporadic"
"314","Italy",2015,276,275,0,63,12,0,10,85,2,0,3,5,90,NA,"Sporadic"
"315","Italy",2015,457,456,0,145,29,0,12,186,1,0,6,7,193,NA,"Local Outbreak"
"316","Italy",2015,834,837,0,265,108,0,11,384,11,0,6,17,401,NA,"Regional Outbreak"
"317","Italy",2015,1079,1097,0,320,158,0,36,514,7,0,12,19,533,NA,"Widespread Outbreak"
"318","Italy",2015,1075,1111,0,257,206,0,23,486,7,1,32,40,526,NA,"Widespread Outbreak"
"319","Italy",2015,1021,1056,0,199,212,0,27,438,19,0,28,47,485,NA,"Regional Outbreak"
"320","Italy",2015,893,919,0,128,179,0,25,332,18,0,27,45,377,NA,"Regional Outbreak"
"321","Italy",2015,760,800,0,67,142,0,18,227,17,0,28,45,272,NA,"Regional Outbreak"
"322","Italy",2015,678,694,0,30,88,0,19,137,0,0,64,64,201,NA,"Local Outbreak"
"323","Italy",2015,551,552,0,32,49,0,13,94,0,0,70,70,164,NA,"Local Outbreak"
"324","Italy",2015,382,382,0,16,27,0,11,54,0,0,61,61,115,NA,"Sporadic"
"325","Italy",2015,325,328,0,8,21,0,5,34,0,0,50,50,84,NA,"Sporadic"
"326","Italy",2015,324,132,0,3,9,0,4,16,0,0,24,24,40,NA,"Sporadic"
"327","Italy",2015,241,242,0,4,9,0,2,15,0,0,35,35,50,NA,"Sporadic"
"328","Italy",2015,193,193,0,1,2,0,3,6,0,0,22,22,28,NA,"Sporadic"
"329","Italy",2015,145,149,0,4,1,0,1,6,1,0,14,15,21,NA,"Sporadic"
"330","Italy",2015,109,105,0,1,0,0,0,1,0,0,3,3,4,NA,"Sporadic"
"331","Italy",2015,NA,NA,NA,NA,NA,NA,NA,NA,NA,NA,NA,NA,NA,NA,"No Report"
"332","Italy",2015,NA,NA,NA,NA,NA,NA,NA,NA,NA,NA,NA,NA,NA,NA,"No Report"
"333","Italy",2015,NA,NA,NA,NA,NA,NA,NA,NA,NA,NA,NA,NA,NA,NA,"No Report"
"334","Italy",2015,NA,NA,NA,NA,NA,NA,NA,NA,NA,NA,NA,NA,NA,NA,"No Report"
"335","Italy",2015,NA,NA,NA,NA,NA,NA,NA,NA,NA,NA,NA,NA,NA,NA,"No Report"
"336","Italy",2015,NA,NA,NA,NA,NA,NA,NA,NA,NA,NA,NA,NA,NA,NA,"No Report"
"337","Italy",2015,NA,NA,NA,NA,NA,NA,NA,NA,NA,NA,NA,NA,NA,NA,"No Report"
"338","Italy",2015,NA,NA,NA,NA,NA,NA,NA,NA,NA,NA,NA,NA,NA,NA,"No Report"
"339","Italy",2015,NA,NA,NA,NA,NA,NA,NA,NA,NA,NA,NA,NA,NA,NA,"No Report"
"340","Italy",2015,NA,NA,NA,NA,NA,NA,NA,NA,NA,NA,NA,NA,NA,NA,"No Report"
"341","Italy",2015,NA,NA,NA,NA,NA,NA,NA,NA,NA,NA,NA,NA,NA,NA,"No Report"
"342","Italy",2015,NA,NA,NA,NA,NA,NA,NA,NA,NA,NA,NA,NA,NA,NA,"No Report"
"343","Italy",2015,NA,NA,NA,NA,NA,NA,NA,NA,NA,NA,NA,NA,NA,NA,"No Report"
"344","Italy",2015,NA,NA,NA,NA,NA,NA,NA,NA,NA,NA,NA,NA,NA,NA,"No Report"
"345","Italy",2015,NA,NA,NA,NA,NA,NA,NA,NA,NA,NA,NA,NA,NA,NA,"No Report"
"346","Italy",2015,NA,NA,NA,NA,NA,NA,NA,NA,NA,NA,NA,NA,NA,NA,"No Report"
"347","Italy",2015,NA,NA,NA,NA,NA,NA,NA,NA,NA,NA,NA,NA,NA,NA,"No Report"
"348","Italy",2015,NA,NA,NA,NA,NA,NA,NA,NA,NA,NA,NA,NA,NA,NA,"No Report"
"349","Italy",2015,NA,NA,NA,NA,NA,NA,NA,NA,NA,NA,NA,NA,NA,NA,"No Report"
"350","Italy",2015,NA,NA,NA,NA,NA,NA,NA,NA,NA,NA,NA,NA,NA,NA,"No Report"
"351","Italy",2015,NA,NA,NA,NA,NA,NA,NA,NA,NA,NA,NA,NA,NA,NA,"No Report"
"352","Italy",2015,NA,NA,NA,NA,NA,NA,NA,NA,NA,NA,NA,NA,NA,NA,"No Report"
"353","Italy",2015,NA,NA,NA,NA,NA,NA,NA,NA,NA,NA,NA,NA,NA,NA,"No Report"
"354","Italy",2015,NA,NA,NA,NA,NA,NA,NA,NA,NA,NA,NA,NA,NA,NA,"No Report"
"355","Italy",2015,NA,NA,NA,NA,NA,NA,NA,NA,NA,NA,NA,NA,NA,NA,"No Report"
"356","Italy",2015,NA,NA,NA,NA,NA,NA,NA,NA,NA,NA,NA,NA,NA,NA,"No Report"
"357","Italy",2015,NA,NA,NA,NA,NA,NA,NA,NA,NA,NA,NA,NA,NA,NA,"No Report"
"358","Italy",2015,NA,NA,NA,NA,NA,NA,NA,NA,NA,NA,NA,NA,NA,NA,"No Report"
"359","Italy",2015,117,101,0,0,0,0,0,0,0,0,0,0,0,NA,"No Activity"
"360","Italy",2015,131,106,0,0,0,0,0,0,0,0,0,0,0,NA,"No Activity"
"361","Italy",2015,147,114,0,0,1,0,0,1,0,0,0,0,1,NA,"Sporadic"
"362","Italy",2015,129,146,0,0,1,0,1,2,0,0,0,0,2,NA,"Sporadic"
"363","Italy",2015,150,157,0,1,2,0,0,3,0,0,0,0,3,NA,"Sporadic"
"364","Italy",2015,220,220,0,4,2,0,0,6,0,0,1,1,7,NA,"Sporadic"
"365","Italy",2015,141,141,0,7,3,0,0,10,0,0,0,0,10,NA,"Sporadic"
"366","Italy",2015,NA,234,0,4,6,NA,1,11,0,0,0,0,11,NA,"No Report"
"367","Italy",2016,NA,279,0,3,6,NA,2,11,0,0,3,3,14,NA,"No Report"
"368","Italy",2016,NA,338,0,15,7,NA,5,27,1,7,11,19,46,NA,"No Report"
"369","Italy",2016,NA,391,0,17,13,NA,1,31,1,17,16,34,65,NA,"No Report"
"370","Italy",2016,NA,571,0,29,40,NA,9,78,5,51,46,102,180,NA,"No Report"
"371","Italy",2016,NA,646,0,39,49,NA,7,95,2,71,60,133,228,NA,"No Report"
"372","Italy",2016,NA,839,0,40,74,NA,5,119,1,72,65,138,257,NA,"No Report"
"373","Italy",2016,NA,688,0,30,73,NA,5,108,2,71,80,153,261,NA,"No Report"
"374","Italy",2016,NA,741,0,36,81,NA,6,123,1,86,110,197,320,NA,"No Report"
"375","Italy",2016,NA,628,0,40,54,NA,11,105,5,52,95,152,257,NA,"No Report"
"376","Italy",2016,NA,520,0,17,59,NA,6,82,2,43,67,112,194,NA,"No Report"
"377","Italy",2016,NA,511,0,26,47,NA,4,77,1,36,81,118,195,NA,"No Report"
"378","Italy",2016,NA,436,0,20,26,NA,5,51,3,27,56,86,137,NA,"No Report"
"379","Italy",2016,NA,252,0,11,14,NA,4,29,2,14,39,55,84,NA,"No Report"
"380","Italy",2016,NA,259,0,14,11,NA,7,32,1,9,25,35,67,NA,"No Report"
"381","Italy",2016,NA,209,0,5,11,NA,4,20,1,2,20,23,43,NA,"No Report"
"382","Italy",2016,NA,123,0,1,1,NA,3,5,0,2,12,14,19,NA,"No Report"
"383","Italy",2016,NA,NA,NA,NA,NA,NA,NA,NA,NA,NA,NA,NA,NA,NA,"No Report"
"384","Italy",2016,NA,NA,NA,NA,NA,NA,NA,NA,NA,NA,NA,NA,NA,NA,"No Report"
"385","Italy",2016,NA,NA,NA,NA,NA,NA,NA,NA,NA,NA,NA,NA,NA,NA,"No Report"
"386","Italy",2016,NA,NA,NA,NA,NA,NA,NA,NA,NA,NA,NA,NA,NA,NA,"No Report"
"387","Italy",2016,NA,NA,NA,NA,NA,NA,NA,NA,NA,NA,NA,NA,NA,NA,"No Report"
"388","Italy",2016,NA,NA,NA,NA,NA,NA,NA,NA,NA,NA,NA,NA,NA,NA,"No Report"
"389","Italy",2016,NA,NA,NA,NA,NA,NA,NA,NA,NA,NA,NA,NA,NA,NA,"No Report"
"390","Italy",2016,NA,NA,NA,NA,NA,NA,NA,NA,NA,NA,NA,NA,NA,NA,"No Report"
"391","Italy",2016,NA,NA,NA,NA,NA,NA,NA,NA,NA,NA,NA,NA,NA,NA,"No Report"
"392","Italy",2016,NA,NA,NA,NA,NA,NA,NA,NA,NA,NA,NA,NA,NA,NA,"No Report"
"393","Italy",2016,NA,NA,NA,NA,NA,NA,NA,NA,NA,NA,NA,NA,NA,NA,"No Report"
"394","Italy",2016,NA,NA,NA,NA,NA,NA,NA,NA,NA,NA,NA,NA,NA,NA,"No Report"
"395","Italy",2016,NA,NA,NA,NA,NA,NA,NA,NA,NA,NA,NA,NA,NA,NA,"No Report"
"396","Italy",2016,NA,NA,NA,NA,NA,NA,NA,NA,NA,NA,NA,NA,NA,NA,"No Report"
"397","Italy",2016,NA,NA,NA,NA,NA,NA,NA,NA,NA,NA,NA,NA,NA,NA,"No Report"
"398","Italy",2016,NA,NA,NA,NA,NA,NA,NA,NA,NA,NA,NA,NA,NA,NA,"No Report"
"399","Italy",2016,NA,NA,NA,NA,NA,NA,NA,NA,NA,NA,NA,NA,NA,NA,"No Report"
"400","Italy",2016,NA,NA,NA,NA,NA,NA,NA,NA,NA,NA,NA,NA,NA,NA,"No Report"
"401","Italy",2016,NA,NA,NA,NA,NA,NA,NA,NA,NA,NA,NA,NA,NA,NA,"No Report"
"402","Italy",2016,NA,NA,NA,NA,NA,NA,NA,NA,NA,NA,NA,NA,NA,NA,"No Report"
"403","Italy",2016,NA,NA,NA,NA,NA,NA,NA,NA,NA,NA,NA,NA,NA,NA,"No Report"
"404","Italy",2016,NA,NA,NA,NA,NA,NA,NA,NA,NA,NA,NA,NA,NA,NA,"No Report"
"405","Italy",2016,NA,NA,NA,NA,NA,NA,NA,NA,NA,NA,NA,NA,NA,NA,"No Report"
"406","Italy",2016,NA,NA,NA,NA,NA,NA,NA,NA,NA,NA,NA,NA,NA,NA,"No Report"
"407","Italy",2016,NA,NA,NA,NA,NA,NA,NA,NA,NA,NA,NA,NA,NA,NA,"No Report"
"408","Italy",2016,NA,NA,NA,NA,NA,NA,NA,NA,NA,NA,NA,NA,NA,NA,"No Report"
"409","Italy",2016,NA,NA,NA,NA,NA,NA,NA,NA,NA,NA,NA,NA,NA,NA,"No Report"
"410","Italy",2016,NA,NA,NA,NA,NA,NA,NA,NA,NA,NA,NA,NA,NA,NA,"No Report"
"411","Italy",2016,NA,NA,NA,NA,NA,NA,NA,NA,NA,NA,NA,NA,NA,NA,"No Report"
"412","Italy",2016,210,209,0,0,10,0,2,12,0,0,0,0,12,198,"Sporadic"
"413","Italy",2016,237,237,0,1,21,0,0,22,0,0,2,2,24,213,"Sporadic"
"414","Italy",2016,288,288,0,0,48,0,1,49,0,0,0,0,49,239,"Sporadic"
"415","Italy",2016,325,325,0,3,70,0,2,75,0,0,0,0,75,250,"Sporadic"
"416","Italy",2016,504,504,0,0,143,0,9,152,0,0,1,1,153,351,"Regional Outbreak"
"417","Italy",2016,627,627,0,7,221,0,25,253,0,0,0,0,253,374,"Regional Outbreak"
"418","Italy",2016,658,658,0,3,258,0,37,298,0,0,0,0,298,360,"Widespread Outbreak"
"419","Italy",2017,648,648,0,1,217,0,52,270,0,0,3,3,273,375,"Widespread Outbreak"
"420","Italy",2017,834,834,0,4,298,0,57,359,0,0,6,6,365,469,"Widespread Outbreak"
"421","Italy",2017,810,819,0,4,305,0,31,340,0,0,3,3,343,467,"Widespread Outbreak"
"422","Italy",2017,646,848,0,1,278,0,29,308,0,0,6,6,314,332,"Widespread Outbreak"
"423","Italy",2017,639,638,0,0,191,0,37,228,9,0,4,13,241,398,"Regional Outbreak"
"424","Italy",2017,615,615,0,2,150,0,7,159,9,1,3,13,172,443,"Regional Outbreak"
"425","Italy",2017,491,491,0,4,81,0,1,86,10,2,3,15,101,387,"Regional Outbreak"
"426","Italy",2017,506,506,0,0,44,0,3,47,7,1,7,15,62,444,"Local Outbreak"
"427","Italy",2017,343,343,0,1,11,0,6,18,9,0,11,20,38,305,"Sporadic"
"428","Italy",2017,392,392,0,1,11,0,3,15,3,0,11,14,29,363,"Sporadic"
"429","Italy",2017,307,307,0,0,7,0,0,7,3,0,8,11,18,289,"Sporadic"
"430","Italy",2017,250,250,0,0,4,0,0,4,1,0,2,3,7,243,"Sporadic"
"431","Italy",2017,200,200,0,0,1,0,0,1,1,0,2,3,4,196,"Sporadic"
"432","Italy",2017,181,181,0,0,1,0,0,1,0,0,3,3,4,177,"Sporadic"
"433","Italy",2017,113,113,0,0,0,0,0,0,0,0,3,3,3,110,"Sporadic"
"434","Italy",2017,123,123,0,1,0,0,0,1,2,0,0,2,3,120,"Sporadic"
"435","Italy",2017,59,59,0,0,0,0,0,0,1,0,0,1,1,58,"Sporadic"
"436","Italy",2017,NA,NA,NA,NA,NA,NA,NA,NA,NA,NA,NA,NA,NA,NA,"No Report"
"437","Italy",2017,NA,NA,NA,NA,NA,NA,NA,NA,NA,NA,NA,NA,NA,NA,"No Report"
"438","Italy",2017,NA,NA,NA,NA,NA,NA,NA,NA,NA,NA,NA,NA,NA,NA,"No Report"
"439","Italy",2017,NA,NA,NA,NA,NA,NA,NA,NA,NA,NA,NA,NA,NA,NA,"No Report"
"440","Italy",2017,NA,NA,NA,NA,NA,NA,NA,NA,NA,NA,NA,NA,NA,NA,"No Report"
"441","Italy",2017,NA,NA,NA,NA,NA,NA,NA,NA,NA,NA,NA,NA,NA,NA,"No Report"
"442","Italy",2017,NA,NA,NA,NA,NA,NA,NA,NA,NA,NA,NA,NA,NA,NA,"No Report"
"443","Italy",2017,NA,NA,NA,NA,NA,NA,NA,NA,NA,NA,NA,NA,NA,NA,"No Report"
"444","Italy",2017,NA,NA,NA,NA,NA,NA,NA,NA,NA,NA,NA,NA,NA,NA,"No Report"
"445","Italy",2017,NA,NA,NA,NA,NA,NA,NA,NA,NA,NA,NA,NA,NA,NA,"No Report"
"446","Italy",2017,NA,NA,NA,NA,NA,NA,NA,NA,NA,NA,NA,NA,NA,NA,"No Report"
"447","Italy",2017,NA,NA,NA,NA,NA,NA,NA,NA,NA,NA,NA,NA,NA,NA,"No Report"
"448","Italy",2017,NA,NA,NA,NA,NA,NA,NA,NA,NA,NA,NA,NA,NA,NA,"No Report"
"449","Italy",2017,NA,NA,NA,NA,NA,NA,NA,NA,NA,NA,NA,NA,NA,NA,"No Report"
"450","Italy",2017,NA,NA,NA,NA,NA,NA,NA,NA,NA,NA,NA,NA,NA,NA,"No Report"
"451","Italy",2017,NA,NA,NA,NA,NA,NA,NA,NA,NA,NA,NA,NA,NA,NA,"No Report"
"452","Italy",2017,NA,NA,NA,NA,NA,NA,NA,NA,NA,NA,NA,NA,NA,NA,"No Report"
"453","Italy",2017,NA,NA,NA,NA,NA,NA,NA,NA,NA,NA,NA,NA,NA,NA,"No Report"
"454","Italy",2017,NA,NA,NA,NA,NA,NA,NA,NA,NA,NA,NA,NA,NA,NA,"No Report"
"455","Italy",2017,NA,NA,NA,NA,NA,NA,NA,NA,NA,NA,NA,NA,NA,NA,"No Report"
"456","Italy",2017,NA,NA,NA,NA,NA,NA,NA,NA,NA,NA,NA,NA,NA,NA,"No Report"
"457","Italy",2017,NA,NA,NA,NA,NA,NA,NA,NA,NA,NA,NA,NA,NA,NA,"No Report"
"458","Italy",2017,NA,NA,NA,NA,NA,NA,NA,NA,NA,NA,NA,NA,NA,NA,"No Report"
"459","Italy",2017,NA,NA,NA,NA,NA,NA,NA,NA,NA,NA,NA,NA,NA,NA,"No Report"
"460","Italy",2017,NA,NA,NA,NA,NA,NA,NA,NA,NA,NA,NA,NA,NA,NA,"No Report"
"461","Italy",2017,NA,NA,NA,NA,NA,NA,NA,NA,NA,NA,NA,NA,NA,NA,"No Report"
"462","Italy",2017,NA,NA,NA,NA,NA,NA,NA,NA,NA,NA,NA,NA,NA,NA,"No Report"
"463","Italy",2017,NA,NA,NA,NA,NA,NA,NA,NA,NA,NA,NA,NA,NA,NA,"No Report"
"464","Italy",2017,203,203,0,0,0,0,0,0,2,0,0,2,2,201,"No Activity"
"465","Italy",2017,265,265,0,1,0,0,0,1,6,0,1,7,8,257,"Sporadic"
"466","Italy",2017,271,271,0,7,1,0,2,10,7,0,11,18,28,243,"Sporadic"
"467","Italy",2017,302,302,0,9,4,0,0,13,15,0,12,27,40,262,"Sporadic"
"468","Italy",2017,543,543,0,38,9,NA,1,48,39,1,34,74,122,421,"Sporadic"
"469","Italy",2017,620,620,0,66,6,NA,3,75,62,0,70,132,207,413,"Local Outbreak"
"470","Italy",2017,830,830,0,141,9,NA,10,160,108,0,143,251,411,419,"Local Outbreak"
"471","Italy",2018,462,426,0,52,28,NA,9,89,0,0,0,0,89,337,"Local Outbreak"
"472","Italy",2018,1707,1707,0,256,13,NA,8,277,259,0,311,570,847,860,"Regional Outbreak"
"473","Italy",2018,1540,1540,0,202,15,NA,8,225,224,1,230,455,680,860,"Regional Outbreak"
"474","Italy",2018,1345,1345,0,180,13,NA,12,205,213,2,158,373,578,767,"Regional Outbreak"
"475","Italy",2018,1282,1282,0,178,6,NA,13,197,210,0,133,343,540,742,"Regional Outbreak"
"476","Italy",2018,1089,1089,0,149,5,NA,7,161,120,1,72,193,354,735,"Regional Outbreak"
"477","Italy",2018,989,989,0,145,8,NA,5,158,91,NA,52,143,301,688,"Regional Outbreak"
"478","Italy",2018,913,913,0,142,8,NA,6,156,82,1,38,121,277,636,"Regional Outbreak"
"479","Italy",2018,724,724,0,77,6,NA,4,87,44,0,37,81,168,556,"Regional Outbreak"
"480","Italy",2018,630,630,0,62,2,NA,3,67,30,0,21,51,118,512,"Regional Outbreak"
"481","Italy",2018,420,420,0,46,2,NA,1,49,29,0,14,43,92,328,"Local Outbreak"
"482","Italy",2018,333,333,0,25,1,NA,1,27,10,0,10,20,47,286,"Local Outbreak"
"483","Italy",2018,262,262,0,12,3,NA,2,17,4,NA,5,9,26,237,"Local Outbreak"
"484","Italy",2018,201,201,0,12,1,NA,NA,13,NA,NA,NA,NA,13,188,"Local Outbreak"
"485","Italy",2018,187,187,0,5,NA,NA,2,7,NA,NA,1,1,8,179,"Sporadic"
"486","Italy",2018,113,113,0,3,NA,NA,1,4,NA,NA,NA,NA,4,109,"No Activity"
"487","Italy",2018,58,58,0,3,NA,NA,NA,3,NA,NA,NA,NA,3,55,"No Activity"
"488","Italy",2018,NA,NA,NA,NA,NA,NA,NA,NA,NA,NA,NA,NA,NA,NA,"No Report"
"489","Italy",2018,NA,NA,NA,NA,NA,NA,NA,NA,NA,NA,NA,NA,NA,NA,"No Report"
"490","Italy",2018,NA,NA,NA,NA,NA,NA,NA,NA,NA,NA,NA,NA,NA,NA,"No Report"
"491","Italy",2018,NA,NA,NA,NA,NA,NA,NA,NA,NA,NA,NA,NA,NA,NA,"No Report"
"492","Italy",2018,NA,NA,NA,NA,NA,NA,NA,NA,NA,NA,NA,NA,NA,NA,"No Report"
"493","Italy",2018,NA,NA,NA,NA,NA,NA,NA,NA,NA,NA,NA,NA,NA,NA,"No Report"
"494","Italy",2018,NA,NA,NA,NA,NA,NA,NA,NA,NA,NA,NA,NA,NA,NA,"No Report"
"495","Italy",2018,NA,NA,NA,NA,NA,NA,NA,NA,NA,NA,NA,NA,NA,NA,"No Report"
"496","Italy",2018,NA,NA,NA,NA,NA,NA,NA,NA,NA,NA,NA,NA,NA,NA,"No Report"
"497","Italy",2018,NA,NA,NA,NA,NA,NA,NA,NA,NA,NA,NA,NA,NA,NA,"No Report"
"498","Italy",2018,NA,NA,NA,NA,NA,NA,NA,NA,NA,NA,NA,NA,NA,NA,"No Report"
"499","Italy",2018,NA,NA,NA,NA,NA,NA,NA,NA,NA,NA,NA,NA,NA,NA,"No Report"
"500","Italy",2018,NA,NA,NA,NA,NA,NA,NA,NA,NA,NA,NA,NA,NA,NA,"No Report"
"501","Italy",2018,NA,NA,NA,NA,NA,NA,NA,NA,NA,NA,NA,NA,NA,NA,"No Report"
"502","Italy",2018,NA,NA,NA,NA,NA,NA,NA,NA,NA,NA,NA,NA,NA,NA,"No Report"
"503","Italy",2018,NA,NA,NA,NA,NA,NA,NA,NA,NA,NA,NA,NA,NA,NA,"No Report"
"504","Italy",2018,NA,NA,NA,NA,NA,NA,NA,NA,NA,NA,NA,NA,NA,NA,"No Report"
"505","Italy",2018,NA,NA,NA,NA,NA,NA,NA,NA,NA,NA,NA,NA,NA,NA,"No Report"
"506","Italy",2018,NA,NA,NA,NA,NA,NA,NA,NA,NA,NA,NA,NA,NA,NA,"No Report"
"507","Italy",2018,NA,NA,NA,NA,NA,NA,NA,NA,NA,NA,NA,NA,NA,NA,"No Report"
"508","Italy",2018,NA,NA,NA,NA,NA,NA,NA,NA,NA,NA,NA,NA,NA,NA,"No Report"
"509","Italy",2018,NA,NA,NA,NA,NA,NA,NA,NA,NA,NA,NA,NA,NA,NA,"No Report"
"510","Italy",2018,NA,NA,NA,NA,NA,NA,NA,NA,NA,NA,NA,NA,NA,NA,"No Report"
"511","Italy",2018,NA,NA,NA,NA,NA,NA,NA,NA,NA,NA,NA,NA,NA,NA,"No Report"
"512","Italy",2018,NA,NA,NA,NA,NA,NA,NA,NA,NA,NA,NA,NA,NA,NA,"No Report"
"513","Italy",2018,NA,NA,NA,NA,NA,NA,NA,NA,NA,NA,NA,NA,NA,NA,"No Report"
"514","Italy",2018,NA,NA,NA,NA,NA,NA,NA,NA,NA,NA,NA,NA,NA,NA,"No Report"
"515","Italy",2018,NA,NA,NA,NA,NA,NA,NA,NA,NA,NA,NA,NA,NA,NA,"No Report"
"516","Italy",2018,333,333,0,4,3,NA,NA,7,1,NA,NA,1,8,325,"Sporadic"
"517","Italy",2018,392,392,0,6,13,NA,0,19,NA,NA,NA,NA,19,373,"Sporadic"
"518","Italy",2018,461,461,0,7,11,NA,1,19,NA,NA,NA,NA,19,442,"Sporadic"
"519","Italy",2018,488,488,0,9,9,NA,NA,18,NA,NA,NA,NA,18,470,"Sporadic"
"520","Italy",2018,571,571,0,25,10,NA,0,35,NA,NA,NA,NA,35,536,"Sporadic"
"521","Italy",2018,621,621,0,32,22,NA,1,55,NA,NA,NA,NA,55,566,"Sporadic"
"522","Italy",2018,490,490,0,58,19,NA,6,83,NA,NA,NA,NA,83,407,"Sporadic"
"523","South Africa",2009,NA,9,0,NA,NA,NA,NA,0,NA,NA,NA,NA,0,NA,"No Activity"
"524","South Africa",2009,NA,2,0,NA,NA,NA,NA,0,NA,NA,NA,NA,0,NA,"No Activity"
"525","South Africa",2009,NA,3,0,NA,NA,NA,NA,0,NA,NA,NA,NA,0,NA,"No Activity"
"526","South Africa",2009,NA,4,0,NA,NA,NA,NA,0,NA,NA,NA,NA,0,NA,"No Activity"
"527","South Africa",2009,NA,5,0,NA,NA,NA,NA,0,NA,NA,NA,NA,0,NA,"No Activity"
"528","South Africa",2009,NA,32,0,NA,NA,NA,NA,0,NA,NA,NA,NA,0,NA,"No Activity"
"529","South Africa",2009,NA,58,0,NA,NA,NA,NA,0,NA,NA,NA,NA,0,NA,"No Activity"
"530","South Africa",2009,NA,79,NA,NA,NA,NA,NA,NA,NA,NA,1,1,1,NA,"Sporadic"
"531","South Africa",2009,NA,103,NA,NA,2,NA,NA,2,NA,NA,1,1,3,NA,"Sporadic"
"532","South Africa",2009,NA,104,NA,NA,1,NA,NA,1,NA,NA,NA,NA,1,NA,"Sporadic"
"533","South Africa",2009,NA,139,0,NA,NA,NA,NA,0,NA,NA,NA,NA,0,NA,"No Activity"
"534","South Africa",2009,NA,90,NA,NA,2,NA,NA,2,NA,NA,NA,NA,2,NA,"Sporadic"
"535","South Africa",2009,NA,105,NA,NA,4,NA,1,5,NA,NA,NA,NA,5,NA,"Sporadic"
"536","South Africa",2009,NA,142,NA,NA,2,NA,NA,2,NA,NA,NA,NA,2,NA,"Sporadic"
"537","South Africa",2009,NA,95,NA,NA,6,NA,NA,6,NA,NA,NA,NA,6,NA,"Sporadic"
"538","South Africa",2009,NA,101,NA,NA,4,NA,NA,4,NA,NA,NA,NA,4,NA,"Sporadic"
"539","South Africa",2009,NA,101,NA,NA,4,NA,NA,4,NA,NA,NA,NA,4,NA,"Sporadic"
"540","South Africa",2009,NA,100,NA,NA,12,NA,NA,12,NA,NA,NA,NA,12,NA,"Local Outbreak"
"541","South Africa",2009,NA,134,NA,NA,21,NA,NA,21,NA,NA,NA,NA,21,NA,"Local Outbreak"
"542","South Africa",2009,NA,141,NA,NA,47,NA,NA,47,NA,3,NA,3,50,NA,"Regional Outbreak"
"543","South Africa",2009,NA,151,NA,NA,42,NA,3,45,NA,NA,2,2,47,NA,"Regional Outbreak"
"544","South Africa",2009,NA,186,NA,NA,95,NA,2,97,NA,NA,NA,NA,97,NA,"Regional Outbreak"
"545","South Africa",2009,NA,348,NA,NA,138,NA,NA,138,NA,NA,NA,NA,138,NA,"Widespread Outbreak"
"546","South Africa",2009,NA,354,NA,NA,104,NA,NA,104,NA,NA,3,3,107,NA,"Widespread Outbreak"
"547","South Africa",2009,244,244,1,1,137,0,0,139,0,0,0,0,139,NA,"Widespread Outbreak"
"548","South Africa",2009,256,256,0,7,105,0,0,112,0,0,0,0,112,NA,"Widespread Outbreak"
"549","South Africa",2009,306,306,0,19,92,0,0,111,0,0,1,1,112,NA,"Widespread Outbreak"
"550","South Africa",2009,652,652,2,69,106,0,0,177,0,0,7,7,184,NA,"Widespread Outbreak"
"551","South Africa",2009,465,465,0,49,47,0,7,103,0,0,7,7,110,NA,"Widespread Outbreak"
"552","South Africa",2009,350,350,0,69,20,0,4,93,0,0,13,13,106,NA,"Widespread Outbreak"
"553","South Africa",2009,468,468,0,136,28,0,5,169,0,0,13,13,182,NA,"Widespread Outbreak"
"554","South Africa",2009,549,549,0,187,14,0,0,201,0,0,25,25,226,NA,"Widespread Outbreak"
"555","South Africa",2009,478,416,0,134,8,0,2,144,0,0,14,14,158,NA,"Widespread Outbreak"
"556","South Africa",2009,670,541,0,185,2,0,1,188,0,0,12,12,200,NA,"Widespread Outbreak"
"557","South Africa",2009,534,450,0,147,4,0,2,153,0,0,7,7,160,NA,"Widespread Outbreak"
"558","South Africa",2009,442,363,0,80,1,0,0,81,0,0,5,5,86,NA,"Regional Outbreak"
"559","South Africa",2009,287,273,0,63,0,0,0,63,0,0,10,10,73,NA,"Regional Outbreak"
"560","South Africa",2009,281,264,0,37,0,0,0,37,0,0,7,7,44,NA,"Regional Outbreak"
"561","South Africa",2009,157,147,0,8,0,0,0,8,0,0,2,2,10,NA,"Local Outbreak"
"562","South Africa",2009,179,178,0,6,1,0,0,7,0,0,3,3,10,NA,"Sporadic"
"563","South Africa",2009,106,106,0,1,0,0,0,1,0,0,2,2,3,NA,"Sporadic"
"564","South Africa",2009,191,191,0,3,0,0,0,3,0,0,2,2,5,NA,"Sporadic"
"565","South Africa",2009,120,120,0,1,0,0,0,1,0,0,1,1,2,NA,"Sporadic"
"566","South Africa",2009,23,23,0,0,0,0,0,0,0,0,0,0,0,NA,"No Activity"
"567","South Africa",2009,68,68,0,0,0,0,0,0,0,0,0,0,0,NA,"No Activity"
"568","South Africa",2009,156,156,0,0,0,0,1,1,0,0,0,0,1,NA,"Sporadic"
"569","South Africa",2009,113,113,0,0,0,0,2,2,0,0,0,0,2,NA,"Sporadic"
"570","South Africa",2009,82,82,0,4,0,0,2,6,0,0,0,0,6,NA,"Sporadic"
"571","South Africa",2009,119,119,0,0,0,0,0,0,0,0,0,0,0,NA,"No Activity"
"572","South Africa",2009,115,115,0,0,0,0,0,0,0,0,0,0,0,NA,"No Activity"
"573","South Africa",2009,36,36,0,0,0,0,0,0,0,0,0,0,0,NA,"No Activity"
"574","South Africa",2009,55,55,0,0,0,0,1,1,0,0,0,0,1,NA,"Sporadic"
"575","South Africa",2009,2,2,0,0,0,0,0,0,0,0,0,0,0,NA,"No Activity"
"576","South Africa",2010,64,64,0,0,0,0,0,0,0,0,0,0,0,NA,"No Activity"
"577","South Africa",2010,76,75,0,1,0,0,0,1,0,0,0,0,1,NA,"No Activity"
"578","South Africa",2010,66,66,0,0,0,0,0,0,0,0,0,0,0,NA,"No Activity"
"579","South Africa",2010,67,67,0,0,0,0,0,0,0,0,0,0,0,NA,"No Activity"
"580","South Africa",2010,106,106,0,0,0,0,0,0,0,0,0,0,0,NA,"No Activity"
"581","South Africa",2010,87,86,0,0,0,0,0,0,0,0,0,0,0,NA,"No Activity"
"582","South Africa",2010,134,133,0,0,0,0,0,0,0,0,0,0,0,NA,"No Activity"
"583","South Africa",2010,54,54,0,0,0,0,0,0,0,0,1,1,1,NA,"Sporadic"
"584","South Africa",2010,79,79,0,0,0,0,0,0,0,0,0,0,0,NA,"No Activity"
"585","South Africa",2010,138,138,0,0,0,0,0,0,0,0,0,0,0,NA,"No Activity"
"586","South Africa",2010,98,98,0,0,0,0,0,0,0,0,0,0,0,NA,"No Activity"
"587","South Africa",2010,119,119,0,0,0,0,0,0,0,0,0,0,0,NA,"No Activity"
"588","South Africa",2010,103,103,0,0,0,0,0,0,0,0,0,0,0,NA,"No Activity"
"589","South Africa",2010,66,66,0,0,0,0,0,0,0,0,0,0,0,NA,"No Activity"
"590","South Africa",2010,134,136,0,0,0,0,0,0,0,0,1,1,1,NA,"Sporadic"
"591","South Africa",2010,122,122,0,0,0,0,0,0,0,0,0,0,0,NA,"No Activity"
"592","South Africa",2010,71,71,0,0,0,0,0,0,0,0,0,0,0,NA,"No Activity"
"593","South Africa",2010,151,151,0,0,0,0,0,0,0,0,1,1,1,NA,"Sporadic"
"594","South Africa",2010,155,155,0,0,0,0,0,0,0,0,0,0,0,NA,"No Activity"
"595","South Africa",2010,149,149,0,0,0,0,0,0,0,0,1,1,1,NA,"Sporadic"
"596","South Africa",2010,128,128,0,0,0,0,0,0,0,0,1,1,1,NA,"Sporadic"
"597","South Africa",2010,145,145,0,0,0,0,0,0,0,0,2,2,2,NA,"Sporadic"
"598","South Africa",2010,166,166,0,0,4,0,0,4,0,0,6,6,10,NA,"Sporadic"
"599","South Africa",2010,125,125,0,0,9,0,0,9,0,0,7,7,16,NA,"Sporadic"
"600","South Africa",2010,164,163,0,1,16,0,0,17,0,0,19,19,36,NA,"No Report"
"601","South Africa",2010,212,212,0,2,29,0,0,31,0,0,53,53,84,NA,"No Report"
"602","South Africa",2010,227,227,0,3,31,0,0,34,0,0,51,51,85,NA,"No Report"
"603","South Africa",2010,263,263,0,2,45,0,0,47,0,0,38,38,85,NA,"No Report"
"604","South Africa",2010,211,211,0,6,33,0,0,39,0,0,22,22,61,NA,"No Report"
"605","South Africa",2010,329,329,0,9,33,0,0,42,0,0,79,79,121,NA,"No Report"
"606","South Africa",2010,282,282,0,18,37,0,0,55,0,0,69,69,124,NA,"No Report"
"607","South Africa",2010,235,235,0,21,22,0,0,43,0,0,56,56,99,NA,"No Report"
"608","South Africa",2010,241,241,0,28,11,0,0,39,0,0,83,83,122,NA,"No Report"
"609","South Africa",2010,213,213,0,38,13,0,0,51,0,0,65,65,116,NA,"No Report"
"610","South Africa",2010,200,200,0,21,10,0,0,31,0,0,43,43,74,NA,"No Report"
"611","South Africa",2010,175,174,0,30,13,0,0,43,0,0,35,35,78,NA,"No Report"
"612","South Africa",2010,181,181,0,23,16,0,0,39,0,0,22,22,61,NA,"No Report"
"613","South Africa",2010,146,146,0,12,7,0,0,19,0,0,20,20,39,NA,"No Report"
"614","South Africa",2010,124,124,0,17,2,0,0,19,0,0,5,5,24,NA,"No Report"
"615","South Africa",2010,156,146,0,10,2,0,0,12,0,0,8,8,20,NA,"No Report"
"616","South Africa",2010,141,108,0,3,1,0,0,4,0,0,4,4,8,NA,"No Report"
"617","South Africa",2010,137,80,0,10,2,0,0,12,0,0,2,2,14,NA,"No Report"
"618","South Africa",2010,123,123,0,1,1,0,0,2,0,0,4,4,6,NA,"No Report"
"619","South Africa",2010,148,124,0,1,1,0,0,2,0,0,1,1,3,NA,"No Report"
"620","South Africa",2010,113,112,0,3,1,0,0,4,0,0,7,7,11,NA,"No Report"
"621","South Africa",2010,102,102,0,2,0,0,0,2,0,0,7,7,9,NA,"No Report"
"622","South Africa",2010,70,70,0,7,0,0,0,7,0,0,1,1,8,NA,"Sporadic"
"623","South Africa",2010,48,48,0,0,0,0,0,0,0,0,3,3,3,NA,"Sporadic"
"624","South Africa",2010,46,46,0,2,0,0,0,2,0,0,1,1,3,NA,"Sporadic"
"625","South Africa",2010,57,48,0,0,0,0,0,0,0,0,0,0,0,NA,"No Activity"
"626","South Africa",2010,43,36,0,3,0,0,0,3,0,0,0,0,3,NA,"Sporadic"
"627","South Africa",2010,10,7,0,1,0,0,0,1,0,0,1,1,2,NA,"Sporadic"
"628","South Africa",2011,68,68,0,5,2,0,0,7,0,0,1,1,8,NA,"Sporadic"
"629","South Africa",2011,100,100,0,3,0,0,0,3,0,0,1,1,4,NA,"Sporadic"
"630","South Africa",2011,76,76,0,2,0,0,0,2,0,0,0,0,2,NA,"Sporadic"
"631","South Africa",2011,77,77,0,1,0,0,0,1,0,0,0,0,1,NA,"Sporadic"
"632","South Africa",2011,98,98,0,2,0,0,0,2,0,0,0,0,2,NA,"Sporadic"
"633","South Africa",2011,122,121,0,0,0,0,0,0,0,0,1,1,1,NA,"Sporadic"
"634","South Africa",2011,136,136,0,0,0,0,0,0,0,0,1,1,1,NA,"Sporadic"
"635","South Africa",2011,108,108,0,2,0,0,0,2,0,0,2,2,4,NA,"Sporadic"
"636","South Africa",2011,142,142,0,0,0,0,0,0,0,0,0,0,0,NA,"No Activity"
"637","South Africa",2011,125,125,0,0,0,0,0,0,0,0,1,1,1,NA,"Sporadic"
"638","South Africa",2011,138,138,0,1,0,0,0,1,0,0,4,4,5,NA,"Sporadic"
"639","South Africa",2011,117,117,0,1,0,0,0,1,0,0,0,0,1,NA,"Sporadic"
"640","South Africa",2011,163,163,0,2,0,0,0,2,0,0,0,0,2,NA,"No Report"
"641","South Africa",2011,134,134,0,1,0,0,0,1,0,0,0,0,1,NA,"Sporadic"
"642","South Africa",2011,144,144,0,4,0,0,0,4,0,0,1,1,5,NA,"Sporadic"
"643","South Africa",2011,100,100,0,2,0,0,0,2,0,0,0,0,2,NA,"Sporadic"
"644","South Africa",2011,92,92,0,8,0,0,0,8,0,0,0,0,8,NA,"Sporadic"
"645","South Africa",2011,121,121,0,12,2,0,0,14,0,0,0,0,14,NA,"Regional Outbreak"
"646","South Africa",2011,197,122,0,24,0,0,0,24,0,0,0,0,24,NA,"Regional Outbreak"
"647","South Africa",2011,216,215,0,42,2,0,2,46,0,0,1,1,47,NA,"Widespread Outbreak"
"648","South Africa",2011,256,254,0,66,4,0,23,93,0,0,0,0,93,NA,"Widespread Outbreak"
"649","South Africa",2011,360,351,0,150,4,0,0,154,0,0,4,4,158,NA,"Widespread Outbreak"
"650","South Africa",2011,438,423,0,205,9,0,0,214,0,0,9,9,223,NA,"Widespread Outbreak"
"651","South Africa",2011,371,358,0,145,10,0,0,155,0,0,21,21,176,NA,"Widespread Outbreak"
"652","South Africa",2011,413,408,0,108,28,0,0,136,0,0,10,10,146,NA,"Widespread Outbreak"
"653","South Africa",2011,368,341,0,78,11,0,0,89,0,0,1,1,90,NA,"Widespread Outbreak"
"654","South Africa",2011,195,195,0,46,15,0,0,61,0,0,5,5,66,NA,"Widespread Outbreak"
"655","South Africa",2011,249,249,0,28,3,0,0,31,0,0,5,5,36,NA,"Widespread Outbreak"
"656","South Africa",2011,181,181,0,19,3,0,0,22,0,0,4,4,26,NA,"Widespread Outbreak"
"657","South Africa",2011,159,158,0,7,3,0,0,10,0,0,5,5,15,NA,"Widespread Outbreak"
"658","South Africa",2011,154,148,0,12,2,0,0,14,0,0,5,5,19,NA,"Widespread Outbreak"
"659","South Africa",2011,104,102,0,2,5,0,0,7,0,0,3,3,10,NA,"Sporadic"
"660","South Africa",2011,142,142,0,8,8,0,0,16,0,0,4,4,20,NA,"Sporadic"
"661","South Africa",2011,178,178,0,1,14,0,0,15,0,0,11,11,26,NA,"Sporadic"
"662","South Africa",2011,159,159,0,1,10,0,0,11,0,0,13,13,24,NA,"Sporadic"
"663","South Africa",2011,136,136,0,0,11,0,0,11,0,0,4,4,15,NA,"Sporadic"
"664","South Africa",2011,138,136,0,0,7,0,0,7,0,0,13,13,20,NA,"Sporadic"
"665","South Africa",2011,138,138,0,0,15,0,0,15,0,0,22,22,37,NA,"Sporadic"
"666","South Africa",2011,148,148,0,0,22,0,0,22,0,0,25,25,47,NA,"Local Outbreak"
"667","South Africa",2011,132,132,0,0,12,0,1,13,0,0,21,21,34,NA,"Local Outbreak"
"668","South Africa",2011,125,125,0,0,10,0,0,10,0,0,13,13,23,NA,"Sporadic"
"669","South Africa",2011,127,127,0,0,5,0,0,5,0,0,11,11,16,NA,"Sporadic"
"670","South Africa",2011,148,148,0,0,5,0,0,5,0,0,11,11,16,NA,"Sporadic"
"671","South Africa",2011,100,100,0,0,0,0,0,0,0,0,8,8,8,NA,"Sporadic"
"672","South Africa",2011,158,158,0,0,3,0,0,3,0,0,11,11,14,NA,"Sporadic"
"673","South Africa",2011,119,119,0,0,1,0,0,1,0,0,5,5,6,NA,"Sporadic"
"674","South Africa",2011,102,102,0,0,2,0,0,2,0,0,2,2,4,NA,"Sporadic"
"675","South Africa",2011,83,83,0,0,0,0,0,0,0,0,2,2,2,NA,"Sporadic"
"676","South Africa",2011,111,111,0,0,0,0,0,0,0,0,7,7,7,NA,"Sporadic"
"677","South Africa",2011,80,80,0,0,0,0,0,0,0,0,0,0,0,NA,"No Activity"
"678","South Africa",2011,37,37,0,0,0,0,0,0,0,0,1,1,1,NA,"Sporadic"
"679","South Africa",2011,15,15,0,0,0,0,0,0,0,0,1,1,1,NA,"Sporadic"
"680","South Africa",2012,45,45,0,0,0,0,0,0,0,0,1,1,1,NA,"Sporadic"
"681","South Africa",2012,146,146,0,0,1,0,0,1,0,0,0,0,1,NA,"Sporadic"
"682","South Africa",2012,82,82,0,0,0,0,0,0,0,0,0,0,0,NA,"No Activity"
"683","South Africa",2012,77,77,0,0,0,0,0,0,0,0,0,0,0,NA,"No Activity"
"684","South Africa",2012,85,85,0,0,1,0,0,1,0,0,0,0,1,NA,"Sporadic"
"685","South Africa",2012,105,105,0,0,0,0,0,0,0,0,1,1,1,NA,"Sporadic"
"686","South Africa",2012,108,108,0,1,0,0,0,1,0,0,2,2,3,NA,"Sporadic"
"687","South Africa",2012,112,112,0,0,0,0,0,0,0,0,0,0,0,NA,"No Activity"
"688","South Africa",2012,88,88,0,0,0,0,0,0,0,0,1,1,1,NA,"Sporadic"
"689","South Africa",2012,124,124,0,1,0,0,0,1,0,0,0,0,1,NA,"Sporadic"
"690","South Africa",2012,176,176,0,0,1,0,0,1,0,0,3,3,4,NA,"Sporadic"
"691","South Africa",2012,109,109,0,0,0,0,0,0,0,0,0,0,0,NA,"No Activity"
"692","South Africa",2012,126,126,0,0,0,0,0,0,0,0,0,0,0,NA,"No Activity"
"693","South Africa",2012,101,101,0,0,0,0,0,0,0,0,3,3,3,NA,"Sporadic"
"694","South Africa",2012,130,130,0,0,1,0,0,1,0,1,0,1,2,NA,"Sporadic"
"695","South Africa",2012,129,129,0,0,0,0,0,0,0,3,0,3,3,NA,"Sporadic"
"696","South Africa",2012,133,133,0,0,1,0,0,1,0,3,0,3,4,NA,"Sporadic"
"697","South Africa",2012,140,140,0,0,0,0,0,0,0,5,0,5,5,NA,"Sporadic"
"698","South Africa",2012,168,168,0,0,1,0,0,1,0,2,0,2,3,NA,"Sporadic"
"699","South Africa",2012,263,263,0,0,5,0,0,5,0,2,1,3,8,NA,"Sporadic"
"700","South Africa",2012,227,227,0,1,3,0,0,4,2,5,4,11,15,NA,"Sporadic"
"701","South Africa",2012,219,219,0,0,4,0,0,4,0,2,1,3,7,NA,"Sporadic"
"702","South Africa",2012,276,276,0,0,16,0,0,16,2,4,2,8,24,NA,"Sporadic"
"703","South Africa",2012,243,243,0,0,17,0,0,17,2,4,5,11,28,NA,"Local Outbreak"
"704","South Africa",2012,266,266,0,0,40,0,3,43,3,10,12,25,68,NA,"Local Outbreak"
"705","South Africa",2012,219,219,0,0,42,0,0,42,1,8,1,10,52,NA,"Local Outbreak"
"706","South Africa",2012,263,263,0,1,38,0,0,39,3,4,0,7,46,NA,"Local Outbreak"
"707","South Africa",2012,263,263,0,0,37,0,1,38,6,15,3,24,62,NA,"Local Outbreak"
"708","South Africa",2012,241,241,0,0,50,0,1,51,4,10,2,16,67,NA,"Local Outbreak"
"709","South Africa",2012,352,352,0,0,77,0,1,78,2,13,2,17,95,NA,"Regional Outbreak"
"710","South Africa",2012,356,356,0,0,75,0,1,76,6,27,3,36,112,NA,"Regional Outbreak"
"711","South Africa",2012,240,240,0,0,47,0,0,47,10,19,2,31,78,NA,"Regional Outbreak"
"712","South Africa",2012,342,342,0,1,71,0,0,72,22,25,4,51,123,NA,"Regional Outbreak"
"713","South Africa",2012,315,315,0,0,58,0,0,58,10,36,25,71,129,NA,"Regional Outbreak"
"714","South Africa",2012,311,311,0,0,38,0,0,38,4,25,37,66,104,NA,"Regional Outbreak"
"715","South Africa",2012,226,226,0,0,16,0,0,16,0,28,17,45,61,NA,"Local Outbreak"
"716","South Africa",2012,261,261,0,0,15,0,0,15,8,29,15,52,67,NA,"Local Outbreak"
"717","South Africa",2012,221,221,0,0,12,0,0,12,6,8,30,44,56,NA,"Local Outbreak"
"718","South Africa",2012,131,131,0,0,2,0,0,2,0,11,6,17,19,NA,"Sporadic"
"719","South Africa",2012,249,249,0,0,4,0,0,4,1,9,7,17,21,NA,"Sporadic"
"720","South Africa",2012,192,192,0,0,2,0,1,3,0,2,4,6,9,NA,"Sporadic"
"721","South Africa",2012,150,150,0,0,0,0,0,0,0,0,7,7,7,NA,"Sporadic"
"722","South Africa",2012,193,193,0,0,0,0,0,0,0,0,8,8,8,NA,"Sporadic"
"723","South Africa",2012,138,138,0,0,0,0,0,0,0,0,0,0,0,NA,"No Activity"
"724","South Africa",2012,139,139,0,0,1,0,0,1,0,0,0,0,1,NA,"Sporadic"
"725","South Africa",2012,156,156,0,0,0,0,0,0,0,0,4,4,4,NA,"Sporadic"
"726","South Africa",2012,169,169,0,0,0,0,0,0,0,0,0,0,0,NA,"No Activity"
"727","South Africa",2012,156,156,0,0,0,0,1,1,0,0,3,3,4,NA,"Sporadic"
"728","South Africa",2012,45,45,0,0,0,0,0,0,0,0,0,0,0,NA,"No Report"
"729","South Africa",2012,129,129,0,0,0,0,0,0,0,0,0,0,0,NA,"No Activity"
"730","South Africa",2012,89,89,0,0,0,0,0,0,0,0,0,0,0,NA,"No Activity"
"731","South Africa",2012,12,12,0,0,0,0,0,0,0,0,0,0,0,NA,"No Activity"
"732","South Africa",2013,18,18,0,1,2,0,0,3,2,0,0,2,5,NA,"Sporadic"
"733","South Africa",2013,102,102,0,1,0,0,0,1,2,0,0,2,3,NA,"Sporadic"
"734","South Africa",2013,93,93,0,1,0,0,0,1,0,0,0,0,1,NA,"Sporadic"
"735","South Africa",2013,114,114,0,3,0,0,0,3,0,0,0,0,3,NA,"Sporadic"
"736","South Africa",2013,182,182,0,1,0,0,0,1,0,0,1,1,2,NA,"Sporadic"
"737","South Africa",2013,108,108,0,3,0,0,0,3,0,0,0,0,3,NA,"Sporadic"
"738","South Africa",2013,116,116,0,0,0,0,0,0,0,0,0,0,0,NA,"No Activity"
"739","South Africa",2013,112,112,0,3,0,0,0,3,0,0,0,0,3,NA,"No Activity"
"740","South Africa",2013,99,99,0,0,0,0,0,0,0,0,0,0,0,NA,"No Activity"
"741","South Africa",2013,139,139,0,4,1,0,0,5,0,0,0,0,5,NA,"Sporadic"
"742","South Africa",2013,117,117,0,1,0,0,0,1,0,0,0,0,1,NA,"Sporadic"
"743","South Africa",2013,103,103,0,0,0,0,0,0,0,0,0,0,0,NA,"No Activity"
"744","South Africa",2013,93,93,0,1,0,0,0,1,0,0,0,0,1,NA,"Sporadic"
"745","South Africa",2013,97,97,0,1,0,0,0,1,0,0,0,0,1,NA,"Sporadic"
"746","South Africa",2013,151,151,0,3,0,0,0,3,0,0,0,0,3,NA,"Sporadic"
"747","South Africa",2013,155,155,0,5,2,0,0,7,0,0,0,0,7,NA,"Sporadic"
"748","South Africa",2013,162,162,0,5,1,0,0,6,0,0,1,1,7,NA,"Sporadic"
"749","South Africa",2013,142,142,0,12,1,0,0,13,0,0,0,0,13,NA,"Sporadic"
"750","South Africa",2013,133,133,0,28,0,0,0,28,0,0,0,0,28,NA,"Local Outbreak"
"751","South Africa",2013,230,230,0,41,1,0,0,42,0,0,0,0,42,NA,"Local Outbreak"
"752","South Africa",2013,305,305,0,70,4,0,0,74,0,0,6,6,80,NA,"Local Outbreak"
"753","South Africa",2013,343,343,0,96,2,0,0,98,0,0,0,0,98,NA,"Local Outbreak"
"754","South Africa",2013,406,406,0,133,6,0,0,139,0,0,0,0,139,NA,"Local Outbreak"
"755","South Africa",2013,377,377,0,122,7,0,0,129,0,0,0,0,129,NA,"Local Outbreak"
"756","South Africa",2013,301,301,0,100,3,0,0,103,0,0,0,0,103,NA,"Local Outbreak"
"757","South Africa",2013,360,360,0,85,12,0,0,97,0,0,4,4,101,NA,"Local Outbreak"
"758","South Africa",2013,321,321,0,47,15,0,0,62,0,0,2,2,64,NA,"Local Outbreak"
"759","South Africa",2013,252,252,0,28,10,0,0,38,0,0,1,1,39,NA,"Local Outbreak"
"760","South Africa",2013,278,278,0,15,7,0,0,22,0,0,4,4,26,NA,"Sporadic"
"761","South Africa",2013,308,308,0,19,6,0,0,25,0,0,2,2,27,NA,"Sporadic"
"762","South Africa",2013,303,303,0,12,20,0,0,32,0,0,3,3,35,NA,"Sporadic"
"763","South Africa",2013,219,219,0,10,22,0,0,32,0,0,9,9,41,NA,"Local Outbreak"
"764","South Africa",2013,291,291,0,12,17,0,1,30,0,0,8,8,38,NA,"Sporadic"
"765","South Africa",2013,245,245,0,5,25,0,0,30,0,0,5,5,35,NA,"Sporadic"
"766","South Africa",2013,245,245,0,8,25,0,0,33,0,0,23,23,56,NA,"Sporadic"
"767","South Africa",2013,194,194,0,1,14,0,0,15,0,0,12,12,27,NA,"Sporadic"
"768","South Africa",2013,150,150,0,6,13,0,0,19,0,0,10,10,29,NA,"Sporadic"
"769","South Africa",2013,162,162,0,3,17,0,0,20,0,0,12,12,32,NA,"Sporadic"
"770","South Africa",2013,162,162,0,3,17,0,0,20,0,0,12,12,32,NA,"Sporadic"
"771","South Africa",2013,109,109,0,1,12,0,0,13,0,0,7,7,20,NA,"Sporadic"
"772","South Africa",2013,124,124,0,0,2,0,0,2,0,0,10,10,12,NA,"Sporadic"
"773","South Africa",2013,100,100,0,0,1,0,0,1,0,0,10,10,11,NA,"Sporadic"
"774","South Africa",2013,103,103,0,0,2,0,0,2,0,0,12,12,14,NA,"Sporadic"
"775","South Africa",2013,71,71,0,0,1,0,0,1,0,0,14,14,15,NA,"Sporadic"
"776","South Africa",2013,135,135,0,0,1,0,0,1,0,0,11,11,12,NA,"Sporadic"
"777","South Africa",2013,75,75,0,0,0,0,0,0,0,0,12,12,12,NA,"Sporadic"
"778","South Africa",2013,76,76,0,0,0,0,0,0,0,0,2,2,2,NA,"Sporadic"
"779","South Africa",2013,88,88,0,0,1,0,0,1,0,0,1,1,2,NA,"Sporadic"
"780","South Africa",2013,51,51,0,0,0,0,0,0,0,0,1,1,1,NA,"Sporadic"
"781","South Africa",2013,60,60,0,0,0,0,0,0,0,0,1,1,1,NA,"Sporadic"
"782","South Africa",2013,43,43,0,1,0,0,0,1,0,0,0,0,1,NA,"Sporadic"
"783","South Africa",2013,3,3,0,0,0,0,0,0,0,0,0,0,0,NA,"No Activity"
"784","South Africa",2014,6,6,0,0,0,0,0,0,0,0,0,0,0,NA,"No Activity"
"785","South Africa",2014,61,61,0,0,1,0,0,1,2,0,0,2,3,NA,"Sporadic"
"786","South Africa",2014,25,25,0,0,1,0,0,1,0,0,0,0,1,NA,"Sporadic"
"787","South Africa",2014,39,39,0,0,0,0,0,0,1,0,0,1,1,NA,"Sporadic"
"788","South Africa",2014,72,72,0,0,0,0,0,0,0,0,0,0,0,NA,"No Activity"
"789","South Africa",2014,47,47,0,2,0,0,0,2,0,0,0,0,2,NA,"Sporadic"
"790","South Africa",2014,138,138,0,0,0,0,0,0,0,0,0,0,0,NA,"No Activity"
"791","South Africa",2014,112,112,0,2,0,0,0,2,0,0,0,0,2,NA,"Sporadic"
"792","South Africa",2014,68,68,0,0,0,0,0,0,0,1,0,1,1,NA,"Sporadic"
"793","South Africa",2014,77,77,0,0,0,0,0,0,1,0,0,1,1,NA,"Sporadic"
"794","South Africa",2014,84,84,0,0,0,0,0,0,0,0,0,0,0,NA,"No Activity"
"795","South Africa",2014,88,88,0,0,0,0,0,0,0,0,0,0,0,NA,"No Activity"
"796","South Africa",2014,108,108,0,1,1,0,0,2,0,0,4,4,6,NA,"Sporadic"
"797","South Africa",2014,88,88,0,0,1,0,0,1,0,0,2,2,3,NA,"Sporadic"
"798","South Africa",2014,93,93,0,0,0,0,0,0,0,0,0,0,0,NA,"No Activity"
"799","South Africa",2014,89,89,0,1,0,0,0,1,0,0,2,2,3,NA,"Sporadic"
"800","South Africa",2014,91,91,0,0,0,0,0,0,0,0,0,0,0,NA,"No Activity"
"801","South Africa",2014,43,43,0,0,2,0,0,2,0,0,0,0,2,NA,"Sporadic"
"802","South Africa",2014,78,78,0,0,1,0,0,1,0,0,0,0,1,NA,"Sporadic"
"803","South Africa",2014,110,110,0,5,7,0,0,12,0,0,0,0,12,NA,"Sporadic"
"804","South Africa",2014,149,149,0,3,4,0,0,7,0,0,0,0,7,NA,"Sporadic"
"805","South Africa",2014,141,141,0,3,6,0,0,9,0,0,1,1,10,NA,"Sporadic"
"806","South Africa",2014,176,176,0,2,16,0,1,19,0,0,1,1,20,NA,"Sporadic"
"807","South Africa",2014,200,200,0,5,20,0,0,25,0,0,1,1,26,NA,"Sporadic"
"808","South Africa",2014,245,245,0,1,51,0,0,52,0,0,0,0,52,NA,"Sporadic"
"809","South Africa",2014,216,216,0,2,65,0,0,67,0,0,0,0,67,NA,"Sporadic"
"810","South Africa",2014,235,235,0,3,72,0,0,75,0,0,0,0,75,NA,"Sporadic"
"811","South Africa",2014,180,180,0,2,49,0,0,51,0,0,0,0,51,NA,"Sporadic"
"812","South Africa",2014,242,242,0,12,50,0,0,62,0,0,6,6,68,NA,"Local Outbreak"
"813","South Africa",2014,265,265,0,7,43,0,0,50,1,0,8,9,59,NA,"Local Outbreak"
"814","South Africa",2014,191,191,0,11,52,0,0,63,0,0,9,9,72,NA,"Local Outbreak"
"815","South Africa",2014,254,254,0,7,63,0,0,70,9,0,10,19,89,NA,"Local Outbreak"
"816","South Africa",2014,215,215,0,8,47,0,0,55,9,0,5,14,69,NA,"Local Outbreak"
"817","South Africa",2014,130,130,0,3,15,0,0,18,0,0,11,11,29,NA,"Local Outbreak"
"818","South Africa",2014,251,251,0,1,20,0,0,21,0,0,9,9,30,NA,"Local Outbreak"
"819","South Africa",2014,208,208,0,1,11,0,0,12,0,0,8,8,20,NA,"Sporadic"
"820","South Africa",2014,215,215,0,0,6,0,0,6,0,0,17,17,23,NA,"Sporadic"
"821","South Africa",2014,180,180,0,0,7,0,0,7,0,0,14,14,21,NA,"Sporadic"
"822","South Africa",2014,145,145,0,0,6,0,0,6,0,0,2,2,8,NA,"Sporadic"
"823","South Africa",2014,117,117,0,1,0,0,0,1,0,0,1,1,2,NA,"Sporadic"
"824","South Africa",2014,143,143,0,0,2,0,0,2,0,0,0,0,2,NA,"Sporadic"
"825","South Africa",2014,122,122,0,0,0,0,0,0,0,0,0,0,0,NA,"No Activity"
"826","South Africa",2014,82,82,0,0,0,0,0,0,0,0,0,0,0,NA,"No Activity"
"827","South Africa",2014,35,35,0,0,0,0,0,0,0,0,1,1,1,NA,"No Activity"
"828","South Africa",2014,55,55,0,0,0,0,0,0,0,0,2,2,2,NA,"No Activity"
"829","South Africa",2014,72,72,0,0,0,0,0,0,0,0,1,1,1,NA,"No Activity"
"830","South Africa",2014,82,82,0,0,0,0,0,0,0,0,0,0,0,NA,"No Activity"
"831","South Africa",2014,92,92,0,0,0,0,0,0,0,0,0,0,0,NA,"No Activity"
"832","South Africa",2014,31,31,0,0,0,0,0,0,0,0,0,0,0,NA,"No Activity"
"833","South Africa",2014,48,48,0,0,2,0,0,2,0,0,0,0,2,NA,"Sporadic"
"834","South Africa",2014,29,29,0,0,0,0,0,0,0,0,0,0,0,NA,"No Activity"
"835","South Africa",2014,32,32,0,0,0,0,0,0,0,0,0,0,0,NA,"No Activity"
"836","South Africa",2015,NA,NA,NA,NA,NA,NA,NA,NA,NA,NA,NA,NA,NA,NA,"No Report"
"837","South Africa",2015,18,18,0,0,0,0,0,0,0,0,0,0,0,NA,"No Activity"
"838","South Africa",2015,67,67,0,2,2,0,0,4,0,0,1,1,5,NA,"Sporadic"
"839","South Africa",2015,62,62,0,0,0,0,0,0,0,0,0,0,0,NA,"No Activity"
"840","South Africa",2015,82,82,0,0,0,0,0,0,0,0,2,2,2,NA,"Sporadic"
"841","South Africa",2015,80,80,0,0,0,0,0,0,0,0,0,0,0,NA,"No Activity"
"842","South Africa",2015,106,106,0,0,1,0,0,1,0,0,1,1,2,NA,"No Report"
"843","South Africa",2015,114,114,0,0,1,0,0,1,0,0,0,0,1,NA,"Sporadic"
"844","South Africa",2015,97,97,0,0,3,0,0,3,0,0,0,0,3,NA,"Sporadic"
"845","South Africa",2015,91,91,0,0,0,0,0,0,0,0,0,0,0,NA,"No Activity"
"846","South Africa",2015,105,105,0,0,2,0,0,2,0,0,0,0,2,NA,"Sporadic"
"847","South Africa",2015,109,109,0,1,1,0,0,2,0,0,1,1,3,NA,"Sporadic"
"848","South Africa",2015,102,102,0,0,0,0,0,0,0,0,2,2,2,NA,"Sporadic"
"849","South Africa",2015,107,107,0,3,0,0,0,3,0,0,0,0,3,NA,"Sporadic"
"850","South Africa",2015,86,86,0,0,0,0,0,0,0,0,1,1,1,NA,"Sporadic"
"851","South Africa",2015,124,124,0,2,2,0,0,4,0,0,2,2,6,NA,"Sporadic"
"852","South Africa",2015,144,144,0,1,0,0,0,1,0,0,1,1,2,NA,"Sporadic"
"853","South Africa",2015,146,146,0,5,2,0,0,7,0,0,2,2,9,NA,"Sporadic"
"854","South Africa",2015,107,107,0,5,2,0,1,8,0,0,4,4,12,NA,"Sporadic"
"855","South Africa",2015,216,216,0,15,4,0,0,19,0,0,2,2,21,NA,"Local Outbreak"
"856","South Africa",2015,222,222,0,38,19,0,2,59,0,0,2,2,61,NA,"Widespread Outbreak"
"857","South Africa",2015,235,235,0,32,30,0,0,62,0,0,0,0,62,NA,"Widespread Outbreak"
"858","South Africa",2015,230,230,0,39,47,0,0,86,0,0,5,5,91,NA,"Widespread Outbreak"
"859","South Africa",2015,244,244,0,38,33,0,1,72,0,0,0,0,72,NA,"Widespread Outbreak"
"860","South Africa",2015,294,294,0,71,45,0,0,116,0,0,10,10,126,NA,"Widespread Outbreak"
"861","South Africa",2015,169,169,0,44,28,0,0,72,0,0,4,4,76,NA,"Widespread Outbreak"
"862","South Africa",2015,282,282,0,44,40,0,0,84,0,0,2,2,86,NA,"Widespread Outbreak"
"863","South Africa",2015,219,219,0,21,22,0,0,43,0,0,6,6,49,NA,"Widespread Outbreak"
"864","South Africa",2015,162,162,0,13,9,0,0,22,0,0,6,6,28,NA,"Widespread Outbreak"
"865","South Africa",2015,245,245,0,7,5,0,0,12,0,0,7,7,19,NA,"Sporadic"
"866","South Africa",2015,179,179,0,1,2,0,0,3,0,0,8,8,11,NA,"Sporadic"
"867","South Africa",2015,164,164,0,0,1,0,0,1,0,0,4,4,5,NA,"Sporadic"
"868","South Africa",2015,209,209,0,1,0,0,0,1,0,0,10,10,11,NA,"Sporadic"
"869","South Africa",2015,135,135,0,1,3,0,0,4,0,0,7,7,11,NA,"Sporadic"
"870","South Africa",2015,177,177,0,1,1,0,0,2,0,0,13,13,15,NA,"Sporadic"
"871","South Africa",2015,174,174,0,2,2,0,0,4,0,0,9,9,13,NA,"Sporadic"
"872","South Africa",2015,173,173,0,0,0,0,0,0,0,0,14,14,14,NA,"Sporadic"
"873","South Africa",2015,152,152,0,0,0,0,0,0,4,0,0,4,4,NA,"Sporadic"
"874","South Africa",2015,119,119,0,0,0,0,0,0,8,0,1,9,9,NA,"Sporadic"
"875","South Africa",2015,107,107,0,0,1,0,0,1,3,0,0,3,4,NA,"Sporadic"
"876","South Africa",2015,131,131,0,0,0,0,0,0,5,0,0,5,5,NA,"Sporadic"
"877","South Africa",2015,114,114,0,0,1,0,0,1,5,0,0,5,6,NA,"Sporadic"
"878","South Africa",2015,130,130,0,1,0,0,0,1,0,0,5,5,6,NA,"Sporadic"
"879","South Africa",2015,127,127,0,0,0,0,0,0,0,0,1,1,1,NA,"Sporadic"
"880","South Africa",2015,108,108,0,0,0,0,0,0,0,0,3,3,3,NA,"Sporadic"
"881","South Africa",2015,69,69,0,0,0,0,0,0,0,0,0,0,0,NA,"No Report"
"882","South Africa",2015,99,99,0,0,0,0,0,0,0,0,2,2,2,NA,"Sporadic"
"883","South Africa",2015,73,73,0,0,0,0,0,0,0,0,0,0,0,NA,"No Activity"
"884","South Africa",2015,93,93,0,0,0,0,0,0,0,0,4,4,4,NA,"Sporadic"
"885","South Africa",2015,88,88,0,0,0,0,0,0,0,0,2,2,2,NA,"Sporadic"
"886","South Africa",2015,108,108,0,0,0,0,0,0,0,0,1,1,1,NA,"Sporadic"
"887","South Africa",2015,NA,NA,NA,NA,NA,NA,NA,NA,NA,NA,NA,NA,NA,NA,"No Report"
"888","South Africa",2015,NA,NA,NA,NA,NA,NA,NA,NA,NA,NA,NA,NA,NA,NA,"No Report"
"889","South Africa",2016,55,55,0,0,0,0,0,0,0,0,0,0,0,55,"No Report"
"890","South Africa",2016,83,83,0,0,1,0,0,1,0,0,0,0,1,82,"No Report"
"891","South Africa",2016,92,92,0,0,1,0,0,1,0,0,0,0,1,91,"No Report"
"892","South Africa",2016,102,102,0,0,0,0,0,0,0,0,1,1,1,101,"No Report"
"893","South Africa",2016,96,96,0,0,0,0,0,0,0,0,0,0,0,96,"No Report"
"894","South Africa",2016,120,120,0,0,0,0,0,0,0,0,1,1,1,119,"No Report"
"895","South Africa",2016,117,117,0,1,0,0,0,1,0,0,0,0,1,116,"No Report"
"896","South Africa",2016,151,151,0,0,0,0,0,0,0,0,3,3,3,148,"No Report"
"897","South Africa",2016,113,113,0,0,0,0,0,0,0,0,3,3,3,110,"No Report"
"898","South Africa",2016,147,147,0,1,0,0,0,1,0,0,2,2,3,144,"No Report"
"899","South Africa",2016,130,130,0,0,0,0,0,0,0,0,0,0,0,130,"No Report"
"900","South Africa",2016,73,73,0,1,0,0,0,1,0,0,3,3,4,69,"No Report"
"901","South Africa",2016,56,56,0,1,0,0,0,1,0,0,1,1,2,54,"No Report"
"902","South Africa",2016,165,165,0,0,0,0,0,0,0,0,2,2,2,163,"No Report"
"903","South Africa",2016,177,177,0,0,0,0,0,0,0,0,3,3,3,174,"No Report"
"904","South Africa",2016,166,166,0,0,0,0,0,0,0,0,2,2,2,164,"No Report"
"905","South Africa",2016,108,108,0,0,0,0,0,0,0,0,2,2,2,106,"No Report"
"906","South Africa",2016,137,137,0,0,0,0,0,0,0,0,6,6,6,131,"No Report"
"907","South Africa",2016,192,192,0,3,1,0,0,4,0,0,14,14,18,174,"No Report"
"908","South Africa",2016,237,237,0,0,1,0,0,1,2,19,7,28,29,208,"No Report"
"909","South Africa",2016,213,213,0,1,2,0,0,3,2,24,2,28,31,182,"No Report"
"910","South Africa",2016,234,234,0,0,3,0,0,3,1,31,3,35,38,196,"No Report"
"911","South Africa",2016,278,278,0,2,5,0,0,7,1,35,6,42,49,229,"No Report"
"912","South Africa",2016,201,201,0,1,9,0,0,10,1,22,15,38,48,153,"No Report"
"913","South Africa",2016,224,224,0,2,5,0,0,7,0,19,22,41,48,176,"No Report"
"914","South Africa",2016,242,242,0,4,13,0,1,18,1,18,17,36,54,189,"No Report"
"915","South Africa",2016,223,223,0,1,12,0,0,13,5,21,4,30,43,180,"No Report"
"916","South Africa",2016,240,240,0,5,18,0,0,23,1,7,20,28,51,189,"No Report"
"917","South Africa",2016,188,188,0,7,32,0,0,39,0,10,4,14,53,135,"No Report"
"918","South Africa",2016,191,191,0,13,18,0,0,31,0,7,9,16,47,144,"No Report"
"919","South Africa",2016,94,94,0,8,16,0,0,24,0,0,9,9,33,62,"No Report"
"920","South Africa",2016,201,201,0,23,27,0,1,51,0,0,14,14,65,137,"No Report"
"921","South Africa",2016,230,230,0,22,32,0,0,54,0,0,12,12,66,164,"No Report"
"922","South Africa",2016,202,202,0,22,16,0,0,38,0,0,8,8,46,156,"No Report"
"923","South Africa",2016,218,218,0,42,23,0,0,65,0,8,7,15,80,138,"No Report"
"924","South Africa",2016,198,198,0,32,18,0,0,50,0,0,2,2,52,146,"No Report"
"925","South Africa",2016,201,201,0,22,17,0,0,39,0,0,10,10,49,152,"No Report"
"926","South Africa",2016,132,132,0,15,5,0,0,20,0,0,1,1,21,111,"No Report"
"927","South Africa",2016,109,109,0,8,2,0,0,10,0,0,0,0,10,99,"No Report"
"928","South Africa",2016,111,111,0,3,0,0,0,3,0,0,1,1,4,107,"No Report"
"929","South Africa",2016,130,130,0,3,1,0,0,4,0,0,0,0,4,126,"No Report"
"930","South Africa",2016,108,108,0,1,1,0,0,2,0,0,0,0,2,106,"No Report"
"931","South Africa",2016,104,104,0,3,0,0,0,3,0,0,0,0,3,101,"No Report"
"932","South Africa",2016,98,98,0,0,0,0,0,0,0,0,0,0,0,98,"No Report"
"933","South Africa",2016,114,114,NA,1,0,0,0,1,0,0,1,1,2,112,"No Report"
"934","South Africa",2016,104,104,NA,0,0,0,0,0,0,0,0,0,0,104,"No Report"
"935","South Africa",2016,91,91,NA,0,0,0,0,0,0,0,0,0,0,91,"No Report"
"936","South Africa",2016,42,42,NA,0,0,0,0,0,0,0,1,1,1,41,"No Report"
"937","South Africa",2016,44,44,NA,0,0,0,0,0,0,0,0,0,0,44,"No Report"
"938","South Africa",2016,62,62,NA,0,0,0,0,0,0,0,0,0,0,62,"No Report"
"939","South Africa",2016,44,44,NA,0,0,0,0,0,0,0,0,0,0,NA,"No Report"
"940","South Africa",2016,NA,NA,NA,NA,NA,NA,NA,NA,NA,NA,NA,NA,NA,NA,"No Report"
"941","South Africa",2017,54,54,0,0,2,0,0,2,0,1,0,1,3,52,"No Report"
"942","South Africa",2017,60,60,0,1,2,0,0,3,0,0,0,0,3,57,"No Report"
"943","South Africa",2017,88,88,0,0,0,0,0,0,0,0,0,0,0,88,"No Report"
"944","South Africa",2017,76,76,0,0,3,0,0,3,0,0,0,0,3,73,"No Report"
"945","South Africa",2017,81,81,0,0,2,0,0,2,0,0,0,0,2,79,"No Report"
"946","South Africa",2017,118,118,0,0,2,0,0,2,0,0,0,0,2,116,"No Report"
"947","South Africa",2017,115,115,0,0,0,0,0,0,0,0,0,0,0,115,"No Report"
"948","South Africa",2017,97,97,0,0,1,0,0,1,0,0,0,0,1,96,"No Report"
"949","South Africa",2017,110,110,0,0,0,0,0,0,0,0,0,0,0,110,"No Report"
"950","South Africa",2017,134,134,0,1,0,0,0,1,0,0,0,0,1,133,"No Report"
"951","South Africa",2017,142,142,0,0,0,0,0,0,0,0,0,0,0,142,"No Report"
"952","South Africa",2017,96,96,0,0,1,0,0,1,0,0,0,0,1,95,"No Report"
"953","South Africa",2017,105,105,0,0,0,0,0,0,0,0,0,0,0,105,"No Report"
"954","South Africa",2017,123,123,0,0,1,0,0,1,1,0,0,1,2,122,"No Report"
"955","South Africa",2017,78,78,0,1,2,0,0,3,1,0,0,1,4,75,"No Report"
"956","South Africa",2017,87,87,0,0,0,0,0,0,0,0,0,0,0,87,"No Report"
"957","South Africa",2017,84,84,0,0,1,0,0,1,0,0,0,0,1,83,"No Report"
"958","South Africa",2017,141,141,0,0,2,0,0,2,0,0,0,0,2,139,"No Report"
"959","South Africa",2017,142,142,0,1,1,0,0,2,0,0,0,0,2,140,"No Report"
"960","South Africa",2017,165,165,0,1,1,0,0,2,0,0,0,0,2,163,"No Report"
"961","South Africa",2017,166,166,0,2,8,0,0,10,1,0,0,1,11,156,"No Report"
"962","South Africa",2017,196,196,0,0,22,0,0,22,0,0,1,1,23,174,"No Report"
"963","South Africa",2017,209,209,0,5,28,0,0,33,2,0,0,2,35,176,"No Report"
"964","South Africa",2017,209,209,0,3,39,0,0,42,1,0,1,2,44,167,"No Report"
"965","South Africa",2017,252,252,0,9,61,0,0,70,3,0,0,3,73,182,"No Report"
"966","South Africa",2017,302,302,0,8,105,0,0,113,4,0,0,4,117,189,"No Report"
"967","South Africa",2017,241,241,0,9,81,0,0,90,3,0,1,4,94,151,"No Report"
"968","South Africa",2017,264,264,0,4,62,0,0,66,2,0,1,3,69,198,"No Report"
"969","South Africa",2017,223,223,0,3,57,0,0,60,10,0,1,11,71,163,"No Report"
"970","South Africa",2017,215,215,0,6,52,0,0,58,11,0,2,13,71,157,"No Report"
"971","South Africa",2017,246,246,0,7,59,0,0,66,8,0,0,8,74,180,"No Report"
"972","South Africa",2017,188,188,0,3,49,0,0,52,9,0,3,12,64,136,"No Report"
"973","South Africa",2017,253,253,0,3,59,0,0,62,11,0,5,16,78,191,"No Report"
"974","South Africa",2017,212,212,0,2,39,0,0,41,22,0,4,26,67,171,"No Report"
"975","South Africa",2017,228,228,0,1,28,0,0,29,31,0,7,38,67,199,"No Report"
"976","South Africa",2017,225,225,0,3,17,0,0,20,32,0,7,39,59,205,"No Report"
"977","South Africa",2017,181,181,0,1,9,0,0,10,21,0,10,31,41,171,"No Report"
"978","South Africa",2017,184,184,0,0,9,0,0,9,13,0,13,26,35,175,"No Report"
"979","South Africa",2017,129,129,0,1,3,0,0,4,6,0,12,18,22,125,"No Report"
"980","South Africa",2017,129,128,0,0,1,0,0,1,10,1,5,16,17,127,"No Report"
"981","South Africa",2017,115,113,0,2,0,0,0,2,8,0,5,13,15,111,"No Report"
"982","South Africa",2017,146,140,0,1,1,0,0,2,2,0,6,8,10,138,"No Report"
"983","South Africa",2017,130,130,0,0,0,0,0,0,1,0,7,8,8,130,"No Report"
"984","South Africa",2017,123,123,0,0,0,0,0,0,2,0,3,5,5,123,"No Report"
"985","South Africa",2017,143,142,0,0,0,0,0,0,7,0,0,7,7,142,"No Report"
"986","South Africa",2017,116,115,0,0,0,0,0,0,0,0,0,0,0,115,"No Report"
"987","South Africa",2017,106,98,0,1,1,0,0,2,0,0,0,0,2,96,"No Report"
"988","South Africa",2017,98,57,0,0,0,0,0,0,1,0,1,2,2,57,"No Report"
"989","South Africa",2017,NA,NA,NA,NA,NA,NA,NA,NA,NA,NA,NA,NA,NA,NA,"No Report"
"990","South Africa",2017,NA,NA,NA,NA,NA,NA,NA,NA,NA,NA,NA,NA,NA,NA,"No Report"
"991","South Africa",2017,NA,NA,NA,NA,NA,NA,NA,NA,NA,NA,NA,NA,NA,NA,"No Report"
"992","South Africa",2017,NA,NA,NA,NA,NA,NA,NA,NA,NA,NA,NA,NA,NA,NA,"No Report"
"993","South Africa",2018,70,70,0,1,1,0,0,2,1,1,0,2,4,66,"No Activity"
"994","South Africa",2018,65,65,0,1,0,0,0,1,2,0,0,2,3,62,"No Activity"
"995","South Africa",2018,86,86,0,2,1,0,0,3,2,0,0,2,5,81,"Sporadic"
"996","South Africa",2018,57,57,0,1,0,0,0,1,1,0,1,2,3,54,"Sporadic"
"997","South Africa",2018,125,125,0,1,0,0,0,1,1,0,0,1,2,123,"Sporadic"
"998","South Africa",2018,146,146,0,0,0,0,0,0,2,0,0,2,2,144,"No Activity"
"999","South Africa",2018,129,129,0,1,0,0,0,1,3,0,0,3,4,125,"Sporadic"
"1000","South Africa",2018,135,135,0,0,0,0,0,0,1,0,0,1,1,134,"No Activity"
"1001","South Africa",2018,140,140,0,0,0,0,0,0,0,0,0,0,0,140,"No Activity"
"1002","South Africa",2018,166,166,0,0,0,0,0,0,0,0,0,0,0,166,"Sporadic"
"1003","South Africa",2018,174,174,0,0,1,0,0,1,4,0,0,4,5,169,"Sporadic"
"1004","South Africa",2018,113,113,0,0,1,0,0,1,1,0,0,1,2,111,"Sporadic"
"1005","South Africa",2018,128,128,0,5,1,0,0,6,0,0,0,0,6,122,"Sporadic"
"1006","South Africa",2018,138,138,0,4,0,0,0,4,0,0,1,1,5,133,"Sporadic"
"1007","South Africa",2018,182,182,0,3,0,0,0,3,0,0,0,0,3,179,"Sporadic"
"1008","South Africa",2018,215,215,0,13,0,0,0,13,1,0,0,1,14,201,"Regional Outbreak"
"1009","South Africa",2018,163,163,0,21,0,0,0,21,0,0,0,0,21,142,"Regional Outbreak"
"1010","South Africa",2018,126,126,0,7,1,0,0,8,0,0,0,0,8,118,"Regional Outbreak"
"1011","South Africa",2018,177,177,0,26,1,0,0,27,0,0,0,0,27,150,"Regional Outbreak"
"1012","South Africa",2018,190,190,0,28,1,0,0,29,0,0,0,0,29,161,"Widespread Outbreak"
"1013","South Africa",2018,226,226,0,48,0,0,0,48,0,0,0,0,48,178,"Widespread Outbreak"
"1014","South Africa",2018,213,213,0,62,0,0,0,62,1,0,0,1,63,150,"Widespread Outbreak"
"1015","South Africa",2018,243,243,0,87,0,0,1,88,0,0,0,0,88,155,"Widespread Outbreak"
"1016","South Africa",2018,265,265,0,97,0,0,0,97,0,2,0,2,99,166,"Widespread Outbreak"
"1017","South Africa",2018,254,254,0,83,1,0,1,85,2,2,0,4,89,165,"Widespread Outbreak"
"1018","South Africa",2018,197,197,0,47,1,0,0,48,3,2,0,5,53,144,"Widespread Outbreak"
"1019","South Africa",2018,187,187,0,30,0,0,1,31,2,7,0,9,40,147,"Widespread Outbreak"
"1020","South Africa",2018,175,175,0,27,2,0,2,31,0,3,0,3,34,141,"Regional Outbreak"
"1021","South Africa",2018,145,145,0,13,1,0,1,15,8,4,0,12,27,118,"Widespread Outbreak"
"1022","South Africa",2018,160,160,0,5,5,0,0,10,5,4,1,10,20,140,"Regional Outbreak"
"1023","South Africa",2018,145,145,0,5,1,0,0,6,7,9,2,18,24,121,"Regional Outbreak"
"1024","South Africa",2018,129,129,0,2,0,0,0,2,2,15,0,17,19,110,"Regional Outbreak"
"1025","South Africa",2018,179,179,0,1,1,0,0,2,3,26,5,34,36,143,"Widespread Outbreak"
"1026","South Africa",2018,195,195,0,5,1,0,0,6,16,29,3,48,54,141,"Regional Outbreak"
"1027","South Africa",2018,185,185,0,4,1,0,0,5,13,35,2,50,55,130,"Widespread Outbreak"
"1028","South Africa",2018,168,168,0,3,1,0,0,4,7,40,3,50,54,114,"Widespread Outbreak"
"1029","South Africa",2018,192,192,0,1,0,0,0,1,10,42,3,55,56,136,"Widespread Outbreak"
"1030","South Africa",2018,173,173,0,2,3,0,0,5,1,42,6,49,54,119,"Widespread Outbreak"
"1031","South Africa",2018,124,124,0,2,0,0,0,2,1,17,8,26,28,96,"Regional Outbreak"
"1032","South Africa",2018,136,136,0,2,0,0,0,2,3,20,1,24,26,110,"Local Outbreak"
"1033","South Africa",2018,110,110,0,0,0,0,0,0,3,11,1,15,15,95,"Sporadic"
"1034","South Africa",2018,120,120,0,1,2,0,0,3,1,2,0,3,6,114,"Sporadic"
"1035","South Africa",2018,107,107,0,0,0,0,0,0,0,4,0,4,4,103,"Sporadic"
"1036","South Africa",2018,101,101,0,2,0,0,0,2,0,3,0,3,5,96,"Sporadic"
"1037","South Africa",2018,83,83,0,0,0,0,0,0,0,5,1,6,6,77,"Sporadic"
"1038","South Africa",2018,105,105,0,1,2,0,0,3,0,2,0,2,5,100,"Sporadic"
"1039","South Africa",2018,77,77,0,0,0,0,0,0,0,4,0,4,4,73,"Sporadic"
"1040","South Africa",2018,60,60,0,0,0,0,0,0,0,0,0,0,0,60,"No Activity"
"1041","South Africa",2018,74,74,0,0,0,0,0,0,0,0,0,0,0,74,"No Activity"
"1042","South Africa",2018,78,78,0,1,1,0,0,2,0,0,1,1,3,75,"Sporadic"
"1043","South Africa",2018,42,42,0,0,0,0,1,1,0,0,0,0,1,41,"Sporadic"
"1044","South Africa",2018,12,12,0,0,0,0,0,0,0,0,0,0,0,12,"No Activity"
